Entity,Code,Year,Current health expenditure (CHE) as percentage of gross domestic product (GDP) (%)
Afghanistan,AFG,2002,9.44339
Afghanistan,AFG,2003,8.94126
Afghanistan,AFG,2004,9.80847
Afghanistan,AFG,2005,9.94829
Afghanistan,AFG,2006,10.62277
Afghanistan,AFG,2007,9.90467
Afghanistan,AFG,2008,10.2565
Afghanistan,AFG,2009,9.81849
Afghanistan,AFG,2010,8.56967
Afghanistan,AFG,2011,8.56191
Afghanistan,AFG,2012,7.89717
Afghanistan,AFG,2013,8.80596
Afghanistan,AFG,2014,9.52888
Afghanistan,AFG,2015,10.10535
Afghanistan,AFG,2016,11.81859
Afghanistan,AFG,2017,12.62082
Afghanistan,AFG,2018,14.20842
Afghanistan,AFG,2019,14.83132
Afghanistan,AFG,2020,15.53361
Afghanistan,AFG,2021,21.50846
Afghanistan,AFG,2022,23.08817
Africa (WHO),WHO_AFR,2000,4.32165
Africa (WHO),WHO_AFR,2001,4.5095
Africa (WHO),WHO_AFR,2002,4.58372
Africa (WHO),WHO_AFR,2003,4.79455
Africa (WHO),WHO_AFR,2004,4.99369
Africa (WHO),WHO_AFR,2005,4.98905
Africa (WHO),WHO_AFR,2006,5.03215
Africa (WHO),WHO_AFR,2007,4.96393
Africa (WHO),WHO_AFR,2008,4.9053
Africa (WHO),WHO_AFR,2009,5.25066
Africa (WHO),WHO_AFR,2010,5.27099
Africa (WHO),WHO_AFR,2011,5.18637
Africa (WHO),WHO_AFR,2012,5.08285
Africa (WHO),WHO_AFR,2013,5.29298
Africa (WHO),WHO_AFR,2014,5.45448
Africa (WHO),WHO_AFR,2015,5.51258
Africa (WHO),WHO_AFR,2016,5.47735
Africa (WHO),WHO_AFR,2017,5.51074
Africa (WHO),WHO_AFR,2018,5.28805
Africa (WHO),WHO_AFR,2019,5.46429
Africa (WHO),WHO_AFR,2020,5.85015
Africa (WHO),WHO_AFR,2021,5.72556
Africa (WHO),WHO_AFR,2022,5.6009
Albania,ALB,2000,5.9442
Albania,ALB,2001,5.92585
Albania,ALB,2002,5.66464
Albania,ALB,2003,5.91141
Albania,ALB,2004,5.89365
Albania,ALB,2005,5.72955
Albania,ALB,2006,5.63177
Albania,ALB,2007,5.92609
Albania,ALB,2008,5.509
Albania,ALB,2009,5.82604
Albania,ALB,2010,6.23668
Albania,ALB,2011,6.18298
Albania,ALB,2012,6.15746
Albania,ALB,2013,6.28286
Albania,ALB,2014,6.43451
Albania,ALB,2015,6.46412
Albania,ALB,2016,6.72933
Albania,ALB,2017,6.57849
Albania,ALB,2018,6.66845
Albania,ALB,2019,6.86214
Albania,ALB,2020,7.50389
Albania,ALB,2021,7.39913
Albania,ALB,2022,6.19368
Algeria,DZA,2000,3.21485
Algeria,DZA,2001,3.53629
Algeria,DZA,2002,3.4417
Algeria,DZA,2003,3.32569
Algeria,DZA,2004,3.29031
Algeria,DZA,2005,3.11886
Algeria,DZA,2006,3.19
Algeria,DZA,2007,3.62011
Algeria,DZA,2008,3.98331
Algeria,DZA,2009,4.89211
Algeria,DZA,2010,4.64001
Algeria,DZA,2011,4.82568
Algeria,DZA,2012,5.63658
Algeria,DZA,2013,5.64542
Algeria,DZA,2014,6.01485
Algeria,DZA,2015,6.33435
Algeria,DZA,2016,6.0008
Algeria,DZA,2017,5.94846
Algeria,DZA,2018,5.93239
Algeria,DZA,2019,5.41731
Algeria,DZA,2020,5.63832
Algeria,DZA,2021,5.01106
Algeria,DZA,2022,3.62304
Americas (WHO),WHO_AMR,2000,5.75352
Americas (WHO),WHO_AMR,2001,5.82156
Americas (WHO),WHO_AMR,2002,5.95289
Americas (WHO),WHO_AMR,2003,5.98018
Americas (WHO),WHO_AMR,2004,5.95478
Americas (WHO),WHO_AMR,2005,6.02551
Americas (WHO),WHO_AMR,2006,6.02301
Americas (WHO),WHO_AMR,2007,6.19868
Americas (WHO),WHO_AMR,2008,6.32538
Americas (WHO),WHO_AMR,2009,6.70689
Americas (WHO),WHO_AMR,2010,6.66367
Americas (WHO),WHO_AMR,2011,6.6867
Americas (WHO),WHO_AMR,2012,6.65575
Americas (WHO),WHO_AMR,2013,6.66016
Americas (WHO),WHO_AMR,2014,6.73606
Americas (WHO),WHO_AMR,2015,6.94034
Americas (WHO),WHO_AMR,2016,6.99093
Americas (WHO),WHO_AMR,2017,6.96259
Americas (WHO),WHO_AMR,2018,6.9041
Americas (WHO),WHO_AMR,2019,6.99964
Americas (WHO),WHO_AMR,2020,7.79614
Americas (WHO),WHO_AMR,2021,7.76048
Americas (WHO),WHO_AMR,2022,7.32196
Andorra,AND,2000,5.95276
Andorra,AND,2001,5.85824
Andorra,AND,2002,5.99621
Andorra,AND,2003,5.54772
Andorra,AND,2004,5.28847
Andorra,AND,2005,5.59477
Andorra,AND,2006,4.9653
Andorra,AND,2007,4.92347
Andorra,AND,2008,5.67066
Andorra,AND,2009,6.08094
Andorra,AND,2010,7.67538
Andorra,AND,2011,7.62061
Andorra,AND,2012,6.71084
Andorra,AND,2013,6.79964
Andorra,AND,2014,6.77308
Andorra,AND,2015,6.91586
Andorra,AND,2016,6.90522
Andorra,AND,2017,7.07143
Andorra,AND,2018,7.37542
Andorra,AND,2019,7.32325
Andorra,AND,2020,8.78674
Andorra,AND,2021,8.33451
Andorra,AND,2022,7.53679
Angola,AGO,2000,1.9086
Angola,AGO,2001,4.48352
Angola,AGO,2002,3.32946
Angola,AGO,2003,3.54797
Angola,AGO,2004,3.9672
Angola,AGO,2005,2.8522
Angola,AGO,2006,2.68554
Angola,AGO,2007,2.97439
Angola,AGO,2008,3.3229
Angola,AGO,2009,3.84261
Angola,AGO,2010,2.6951
Angola,AGO,2011,2.64561
Angola,AGO,2012,2.39575
Angola,AGO,2013,2.73283
Angola,AGO,2014,2.43413
Angola,AGO,2015,2.60579
Angola,AGO,2016,2.71315
Angola,AGO,2017,2.79384
Angola,AGO,2018,2.59482
Angola,AGO,2019,2.47519
Angola,AGO,2020,3.27488
Angola,AGO,2021,3.09277
Angola,AGO,2022,2.92738
Antigua and Barbuda,ATG,2000,4.71543
Antigua and Barbuda,ATG,2001,5.43839
Antigua and Barbuda,ATG,2002,5.28794
Antigua and Barbuda,ATG,2003,5.58143
Antigua and Barbuda,ATG,2004,5.11668
Antigua and Barbuda,ATG,2005,4.99094
Antigua and Barbuda,ATG,2006,4.63051
Antigua and Barbuda,ATG,2007,4.4461
Antigua and Barbuda,ATG,2008,4.20027
Antigua and Barbuda,ATG,2009,4.17733
Antigua and Barbuda,ATG,2010,5.37907
Antigua and Barbuda,ATG,2011,5.44257
Antigua and Barbuda,ATG,2012,5.47921
Antigua and Barbuda,ATG,2013,5.50909
Antigua and Barbuda,ATG,2014,5.8727
Antigua and Barbuda,ATG,2015,5.27966
Antigua and Barbuda,ATG,2016,5.1219
Antigua and Barbuda,ATG,2017,4.87494
Antigua and Barbuda,ATG,2018,4.85205
Antigua and Barbuda,ATG,2019,4.40662
Antigua and Barbuda,ATG,2020,5.72945
Antigua and Barbuda,ATG,2021,4.99197
Antigua and Barbuda,ATG,2022,5.72999
Argentina,ARG,2000,8.22001
Argentina,ARG,2001,8.3718
Argentina,ARG,2002,7.39331
Argentina,ARG,2003,6.89452
Argentina,ARG,2004,7.22868
Argentina,ARG,2005,7.61079
Argentina,ARG,2006,7.64033
Argentina,ARG,2007,7.83455
Argentina,ARG,2008,8.1827
Argentina,ARG,2009,9.456
Argentina,ARG,2010,9.44546
Argentina,ARG,2011,9.4182
Argentina,ARG,2012,9.82727
Argentina,ARG,2013,9.78098
Argentina,ARG,2014,9.6713
Argentina,ARG,2015,10.22934
Argentina,ARG,2016,9.85559
Argentina,ARG,2017,10.23175
Argentina,ARG,2018,10.29147
Argentina,ARG,2019,10.15551
Argentina,ARG,2020,10.45031
Argentina,ARG,2021,10.03832
Argentina,ARG,2022,9.86305
Armenia,ARM,2000,4.19581
Armenia,ARM,2001,4.64564
Armenia,ARM,2002,7.61359
Armenia,ARM,2003,7.17936
Armenia,ARM,2004,6.0551
Armenia,ARM,2005,5.86188
Armenia,ARM,2006,5.85007
Armenia,ARM,2007,5.49814
Armenia,ARM,2008,6.63977
Armenia,ARM,2009,8.44378
Armenia,ARM,2010,9.23538
Armenia,ARM,2011,9.37589
Armenia,ARM,2012,9.13455
Armenia,ARM,2013,10.32345
Armenia,ARM,2014,10.17828
Armenia,ARM,2015,10.11763
Armenia,ARM,2016,9.95195
Armenia,ARM,2017,10.3627
Armenia,ARM,2018,10.00543
Armenia,ARM,2019,11.3798
Armenia,ARM,2020,12.24056
Armenia,ARM,2021,12.32269
Armenia,ARM,2022,9.96213
Australia,AUS,2000,7.58869
Australia,AUS,2001,7.67392
Australia,AUS,2002,7.87221
Australia,AUS,2003,7.8766
Australia,AUS,2004,8.08258
Australia,AUS,2005,7.96486
Australia,AUS,2006,7.97161
Australia,AUS,2007,8.05171
Australia,AUS,2008,8.24737
Australia,AUS,2009,8.54235
Australia,AUS,2010,8.41878
Australia,AUS,2011,8.5336
Australia,AUS,2012,8.66923
Australia,AUS,2013,8.74458
Australia,AUS,2014,9.8249
Australia,AUS,2015,10.17368
Australia,AUS,2016,10.08973
Australia,AUS,2017,10.11242
Australia,AUS,2018,10.05163
Australia,AUS,2019,10.21285
Australia,AUS,2020,10.6604
Australia,AUS,2021,10.42525
Australia,AUS,2022,9.92688
Austria,AUT,2000,9.20371
Austria,AUT,2001,9.26943
Austria,AUT,2002,9.39476
Austria,AUT,2003,9.54724
Austria,AUT,2004,9.7094
Austria,AUT,2005,9.62703
Austria,AUT,2006,9.53113
Austria,AUT,2007,9.5321
Austria,AUT,2008,9.72565
Austria,AUT,2009,10.22583
Austria,AUT,2010,10.22102
Austria,AUT,2011,10.02613
Austria,AUT,2012,10.19916
Austria,AUT,2013,10.28575
Austria,AUT,2014,10.36809
Austria,AUT,2015,10.36747
Austria,AUT,2016,10.35226
Austria,AUT,2017,10.38403
Austria,AUT,2018,10.34886
Austria,AUT,2019,10.48754
Austria,AUT,2020,11.31641
Austria,AUT,2021,12.15229
Austria,AUT,2022,11.15729
Azerbaijan,AZE,2000,2.89007
Azerbaijan,AZE,2001,2.77419
Azerbaijan,AZE,2002,2.73097
Azerbaijan,AZE,2003,2.72699
Azerbaijan,AZE,2004,2.65944
Azerbaijan,AZE,2005,2.22961
Azerbaijan,AZE,2006,2.07059
Azerbaijan,AZE,2007,1.99422
Azerbaijan,AZE,2008,2.04814
Azerbaijan,AZE,2009,2.76541
Azerbaijan,AZE,2010,2.64635
Azerbaijan,AZE,2011,2.59547
Azerbaijan,AZE,2012,3.15682
Azerbaijan,AZE,2013,3.22551
Azerbaijan,AZE,2014,3.58703
Azerbaijan,AZE,2015,4.34131
Azerbaijan,AZE,2016,4.42242
Azerbaijan,AZE,2017,4.07397
Azerbaijan,AZE,2018,3.83661
Azerbaijan,AZE,2019,4.18189
Azerbaijan,AZE,2020,5.84818
Azerbaijan,AZE,2021,4.68527
Azerbaijan,AZE,2022,3.97841
Bahamas,BHS,2000,3.80487
Bahamas,BHS,2001,3.92441
Bahamas,BHS,2002,3.81252
Bahamas,BHS,2003,4.01999
Bahamas,BHS,2004,4.04628
Bahamas,BHS,2005,4.03196
Bahamas,BHS,2006,4.30936
Bahamas,BHS,2007,4.49599
Bahamas,BHS,2008,4.86262
Bahamas,BHS,2009,5.15001
Bahamas,BHS,2010,5.25594
Bahamas,BHS,2011,5.32399
Bahamas,BHS,2012,5.31909
Bahamas,BHS,2013,5.68466
Bahamas,BHS,2014,5.62926
Bahamas,BHS,2015,5.24419
Bahamas,BHS,2016,5.71207
Bahamas,BHS,2017,6.75127
Bahamas,BHS,2018,6.02688
Bahamas,BHS,2019,5.86801
Bahamas,BHS,2020,7.59303
Bahamas,BHS,2021,7.00575
Bahamas,BHS,2022,7.21692
Bahrain,BHR,2000,3.33543
Bahrain,BHR,2001,3.48573
Bahrain,BHR,2002,3.67866
Bahrain,BHR,2003,3.88658
Bahrain,BHR,2004,3.49818
Bahrain,BHR,2005,3.25871
Bahrain,BHR,2006,3.10821
Bahrain,BHR,2007,3.29534
Bahrain,BHR,2008,3.20387
Bahrain,BHR,2009,4.32667
Bahrain,BHR,2010,4.08935
Bahrain,BHR,2011,3.86518
Bahrain,BHR,2012,4.10642
Bahrain,BHR,2013,4.30854
Bahrain,BHR,2014,4.4124
Bahrain,BHR,2015,4.97672
Bahrain,BHR,2016,4.86051
Bahrain,BHR,2017,4.51236
Bahrain,BHR,2018,4.12746
Bahrain,BHR,2019,3.9598
Bahrain,BHR,2020,4.71962
Bahrain,BHR,2021,4.49224
Bahrain,BHR,2022,3.83745
Bangladesh,BGD,2000,1.80505
Bangladesh,BGD,2001,1.77202
Bangladesh,BGD,2002,1.93417
Bangladesh,BGD,2003,1.96152
Bangladesh,BGD,2004,1.99854
Bangladesh,BGD,2005,2.05874
Bangladesh,BGD,2006,2.10647
Bangladesh,BGD,2007,2.17268
Bangladesh,BGD,2008,2.11879
Bangladesh,BGD,2009,2.18322
Bangladesh,BGD,2010,2.28808
Bangladesh,BGD,2011,2.36418
Bangladesh,BGD,2012,2.35379
Bangladesh,BGD,2013,2.29574
Bangladesh,BGD,2014,2.27915
Bangladesh,BGD,2015,2.27218
Bangladesh,BGD,2016,2.38938
Bangladesh,BGD,2017,2.3672
Bangladesh,BGD,2018,2.31622
Bangladesh,BGD,2019,2.25762
Bangladesh,BGD,2020,2.27064
Bangladesh,BGD,2021,2.36551
Bangladesh,BGD,2022,2.39039
Barbados,BRB,2000,5.33187
Barbados,BRB,2001,5.52529
Barbados,BRB,2002,5.86123
Barbados,BRB,2003,6.69148
Barbados,BRB,2004,7.31298
Barbados,BRB,2005,6.77536
Barbados,BRB,2006,6.5837
Barbados,BRB,2007,6.05665
Barbados,BRB,2008,6.47753
Barbados,BRB,2009,7.14523
Barbados,BRB,2010,6.77095
Barbados,BRB,2011,6.8969
Barbados,BRB,2012,7.7782
Barbados,BRB,2013,7.39746
Barbados,BRB,2014,6.96651
Barbados,BRB,2015,6.81828
Barbados,BRB,2016,6.83312
Barbados,BRB,2017,6.64786
Barbados,BRB,2018,6.43944
Barbados,BRB,2019,6.12044
Barbados,BRB,2020,7.27406
Barbados,BRB,2021,7.93866
Barbados,BRB,2022,6.29389
Belarus,BLR,2000,5.28088
Belarus,BLR,2001,5.70648
Belarus,BLR,2002,5.62404
Belarus,BLR,2003,5.77103
Belarus,BLR,2004,5.73651
Belarus,BLR,2005,6.07036
Belarus,BLR,2006,5.57366
Belarus,BLR,2007,5.69172
Belarus,BLR,2008,5.29449
Belarus,BLR,2009,5.39065
Belarus,BLR,2010,5.65694
Belarus,BLR,2011,4.87453
Belarus,BLR,2012,5.24539
Belarus,BLR,2013,5.69563
Belarus,BLR,2014,5.38792
Belarus,BLR,2015,6.06528
Belarus,BLR,2016,5.91054
Belarus,BLR,2017,5.75975
Belarus,BLR,2018,5.52699
Belarus,BLR,2019,5.86134
Belarus,BLR,2020,6.40607
Belarus,BLR,2021,6.5655
Belarus,BLR,2022,6.6592
Belgium,BEL,2000,7.99918
Belgium,BEL,2001,8.14989
Belgium,BEL,2002,8.31821
Belgium,BEL,2003,9.16443
Belgium,BEL,2004,9.32809
Belgium,BEL,2005,9.22217
Belgium,BEL,2006,9.12786
Belgium,BEL,2007,9.13449
Belgium,BEL,2008,9.59316
Belgium,BEL,2009,10.31898
Belgium,BEL,2010,10.2001
Belgium,BEL,2011,10.3614
Belgium,BEL,2012,10.5025
Belgium,BEL,2013,10.5746
Belgium,BEL,2014,10.60847
Belgium,BEL,2015,10.79679
Belgium,BEL,2016,10.79323
Belgium,BEL,2017,10.80118
Belgium,BEL,2018,10.86121
Belgium,BEL,2019,10.75969
Belgium,BEL,2020,11.26482
Belgium,BEL,2021,11.04725
Belgium,BEL,2022,10.76192
Belize,BLZ,2000,3.09182
Belize,BLZ,2001,3.58663
Belize,BLZ,2002,3.69127
Belize,BLZ,2003,3.64453
Belize,BLZ,2004,3.53016
Belize,BLZ,2005,3.55393
Belize,BLZ,2006,3.56431
Belize,BLZ,2007,4.07202
Belize,BLZ,2008,4.53075
Belize,BLZ,2009,4.5234
Belize,BLZ,2010,4.4939
Belize,BLZ,2011,4.54753
Belize,BLZ,2012,4.36309
Belize,BLZ,2013,4.4416
Belize,BLZ,2014,4.89684
Belize,BLZ,2015,4.6688
Belize,BLZ,2016,4.7828
Belize,BLZ,2017,4.6335
Belize,BLZ,2018,4.76724
Belize,BLZ,2019,4.84424
Belize,BLZ,2020,5.35448
Belize,BLZ,2021,5.05842
Belize,BLZ,2022,4.23174
Benin,BEN,2000,2.95917
Benin,BEN,2001,3.30417
Benin,BEN,2002,3.09589
Benin,BEN,2003,3.11679
Benin,BEN,2004,3.23274
Benin,BEN,2005,3.22346
Benin,BEN,2006,3.28774
Benin,BEN,2007,2.93716
Benin,BEN,2008,2.65178
Benin,BEN,2009,2.88893
Benin,BEN,2010,3.00989
Benin,BEN,2011,2.99708
Benin,BEN,2012,3.07563
Benin,BEN,2013,2.86881
Benin,BEN,2014,2.69112
Benin,BEN,2015,2.72813
Benin,BEN,2016,2.7955
Benin,BEN,2017,2.66814
Benin,BEN,2018,2.88632
Benin,BEN,2019,2.50914
Benin,BEN,2020,2.71236
Benin,BEN,2021,2.5813
Benin,BEN,2022,2.67981
Bhutan,BTN,2000,4.13868
Bhutan,BTN,2001,4.60038
Bhutan,BTN,2002,3.95161
Bhutan,BTN,2003,3.83481
Bhutan,BTN,2004,4.26398
Bhutan,BTN,2005,3.83309
Bhutan,BTN,2006,4.08524
Bhutan,BTN,2007,3.83775
Bhutan,BTN,2008,3.14842
Bhutan,BTN,2009,3.29665
Bhutan,BTN,2010,3.29502
Bhutan,BTN,2011,3.08311
Bhutan,BTN,2012,3.32088
Bhutan,BTN,2013,3.40428
Bhutan,BTN,2014,3.28294
Bhutan,BTN,2015,3.48926
Bhutan,BTN,2016,3.3271
Bhutan,BTN,2017,3.13453
Bhutan,BTN,2018,3.06897
Bhutan,BTN,2019,3.37511
Bhutan,BTN,2020,4.08452
Bhutan,BTN,2021,3.07291
Bhutan,BTN,2022,4.38546
Bolivia,BOL,2000,4.39554
Bolivia,BOL,2001,4.82522
Bolivia,BOL,2002,4.89645
Bolivia,BOL,2003,5.1971
Bolivia,BOL,2004,4.86316
Bolivia,BOL,2005,5.07408
Bolivia,BOL,2006,4.66088
Bolivia,BOL,2007,4.69689
Bolivia,BOL,2008,4.60677
Bolivia,BOL,2009,5.17445
Bolivia,BOL,2010,5.20231
Bolivia,BOL,2011,5.17307
Bolivia,BOL,2012,5.25394
Bolivia,BOL,2013,5.57465
Bolivia,BOL,2014,5.89614
Bolivia,BOL,2015,6.55065
Bolivia,BOL,2016,6.83333
Bolivia,BOL,2017,6.49019
Bolivia,BOL,2018,6.60399
Bolivia,BOL,2019,6.88793
Bolivia,BOL,2020,8.02258
Bolivia,BOL,2021,8.15973
Bolivia,BOL,2022,8.43143
Bosnia and Herzegovina,BIH,2000,7.98265
Bosnia and Herzegovina,BIH,2001,7.59562
Bosnia and Herzegovina,BIH,2002,7.41844
Bosnia and Herzegovina,BIH,2003,8.30198
Bosnia and Herzegovina,BIH,2004,9.0627
Bosnia and Herzegovina,BIH,2005,9.05224
Bosnia and Herzegovina,BIH,2006,9.17219
Bosnia and Herzegovina,BIH,2007,9.5306
Bosnia and Herzegovina,BIH,2008,9.68944
Bosnia and Herzegovina,BIH,2009,9.02212
Bosnia and Herzegovina,BIH,2010,9.01888
Bosnia and Herzegovina,BIH,2011,9.17856
Bosnia and Herzegovina,BIH,2012,9.49002
Bosnia and Herzegovina,BIH,2013,9.44886
Bosnia and Herzegovina,BIH,2014,9.49011
Bosnia and Herzegovina,BIH,2015,9.24087
Bosnia and Herzegovina,BIH,2016,9.13943
Bosnia and Herzegovina,BIH,2017,8.81797
Bosnia and Herzegovina,BIH,2018,8.761
Bosnia and Herzegovina,BIH,2019,8.92544
Bosnia and Herzegovina,BIH,2020,9.70312
Bosnia and Herzegovina,BIH,2021,9.55514
Bosnia and Herzegovina,BIH,2022,8.71645
Botswana,BWA,2000,6.10839
Botswana,BWA,2001,6.36608
Botswana,BWA,2002,6.6653
Botswana,BWA,2003,6.40934
Botswana,BWA,2004,6.09126
Botswana,BWA,2005,5.26533
Botswana,BWA,2006,4.87599
Botswana,BWA,2007,5.52081
Botswana,BWA,2008,5.89747
Botswana,BWA,2009,6.62081
Botswana,BWA,2010,6.26718
Botswana,BWA,2011,5.86915
Botswana,BWA,2012,6.35011
Botswana,BWA,2013,6.49914
Botswana,BWA,2014,5.88041
Botswana,BWA,2015,6.10288
Botswana,BWA,2016,5.76838
Botswana,BWA,2017,6.62987
Botswana,BWA,2018,6.0401
Botswana,BWA,2019,6.12193
Botswana,BWA,2020,6.12134
Botswana,BWA,2021,6.30755
Botswana,BWA,2022,5.72839
Brazil,BRA,2000,8.33457
Brazil,BRA,2001,8.54963
Brazil,BRA,2002,8.69687
Brazil,BRA,2003,8.18899
Brazil,BRA,2004,8.12492
Brazil,BRA,2005,8.0354
Brazil,BRA,2006,8.24953
Brazil,BRA,2007,8.20183
Brazil,BRA,2008,8.01128
Brazil,BRA,2009,8.3948
Brazil,BRA,2010,7.94517
Brazil,BRA,2011,7.78819
Brazil,BRA,2012,7.73638
Brazil,BRA,2013,7.9766
Brazil,BRA,2014,8.39644
Brazil,BRA,2015,8.9093
Brazil,BRA,2016,9.16902
Brazil,BRA,2017,9.47125
Brazil,BRA,2018,9.46475
Brazil,BRA,2019,9.61449
Brazil,BRA,2020,9.62327
Brazil,BRA,2021,9.63647
Brazil,BRA,2022,9.14277
Brunei,BRN,2000,2.54791
Brunei,BRN,2001,2.54651
Brunei,BRN,2002,2.53448
Brunei,BRN,2003,2.60261
Brunei,BRN,2004,2.55193
Brunei,BRN,2005,2.23386
Brunei,BRN,2006,1.90725
Brunei,BRN,2007,1.94145
Brunei,BRN,2008,1.87612
Brunei,BRN,2009,2.39307
Brunei,BRN,2010,2.27826
Brunei,BRN,2011,1.8641
Brunei,BRN,2012,1.85097
Brunei,BRN,2013,1.89831
Brunei,BRN,2014,1.91437
Brunei,BRN,2015,2.38709
Brunei,BRN,2016,2.54829
Brunei,BRN,2017,2.27023
Brunei,BRN,2018,2.41289
Brunei,BRN,2019,2.22774
Brunei,BRN,2020,2.45178
Brunei,BRN,2021,2.14642
Brunei,BRN,2022,1.81768
Bulgaria,BGR,2000,5.82971
Bulgaria,BGR,2001,6.85959
Bulgaria,BGR,2002,7.08099
Bulgaria,BGR,2003,7.19987
Bulgaria,BGR,2004,6.89091
Bulgaria,BGR,2005,6.89011
Bulgaria,BGR,2006,6.52545
Bulgaria,BGR,2007,6.15652
Bulgaria,BGR,2008,6.28282
Bulgaria,BGR,2009,6.59578
Bulgaria,BGR,2010,7.09478
Bulgaria,BGR,2011,7.10251
Bulgaria,BGR,2012,7.53904
Bulgaria,BGR,2013,7.14167
Bulgaria,BGR,2014,7.68306
Bulgaria,BGR,2015,7.39364
Bulgaria,BGR,2016,7.45975
Bulgaria,BGR,2017,7.49624
Bulgaria,BGR,2018,7.33192
Bulgaria,BGR,2019,7.09238
Bulgaria,BGR,2020,8.48236
Bulgaria,BGR,2021,8.61893
Bulgaria,BGR,2022,7.66358
Burkina Faso,BFA,2000,2.95026
Burkina Faso,BFA,2001,2.88835
Burkina Faso,BFA,2002,2.97113
Burkina Faso,BFA,2003,3.14307
Burkina Faso,BFA,2004,4.21721
Burkina Faso,BFA,2005,3.9511
Burkina Faso,BFA,2006,4.51446
Burkina Faso,BFA,2007,5.23373
Burkina Faso,BFA,2008,4.64781
Burkina Faso,BFA,2009,5.08159
Burkina Faso,BFA,2010,5.23958
Burkina Faso,BFA,2011,4.64868
Burkina Faso,BFA,2012,4.60267
Burkina Faso,BFA,2013,5.56332
Burkina Faso,BFA,2014,5.00027
Burkina Faso,BFA,2015,5.13192
Burkina Faso,BFA,2016,5.95486
Burkina Faso,BFA,2017,6.05966
Burkina Faso,BFA,2018,4.99954
Burkina Faso,BFA,2019,5.36803
Burkina Faso,BFA,2020,6.57715
Burkina Faso,BFA,2021,6.40748
Burkina Faso,BFA,2022,6.77182
Burundi,BDI,2000,4.22182
Burundi,BDI,2001,5.6818
Burundi,BDI,2002,5.34984
Burundi,BDI,2003,5.27245
Burundi,BDI,2004,7.09573
Burundi,BDI,2005,7.56017
Burundi,BDI,2006,8.71265
Burundi,BDI,2007,9.18554
Burundi,BDI,2008,7.74148
Burundi,BDI,2009,9.23238
Burundi,BDI,2010,11.28197
Burundi,BDI,2011,10.06996
Burundi,BDI,2012,8.63756
Burundi,BDI,2013,8.62835
Burundi,BDI,2014,7.21082
Burundi,BDI,2015,6.29023
Burundi,BDI,2016,7.06148
Burundi,BDI,2017,6.95276
Burundi,BDI,2018,7.29396
Burundi,BDI,2019,9.05011
Burundi,BDI,2020,10.71837
Burundi,BDI,2021,8.99484
Burundi,BDI,2022,8.39523
Cambodia,KHM,2000,6.48248
Cambodia,KHM,2001,6.76129
Cambodia,KHM,2002,6.92061
Cambodia,KHM,2003,6.45834
Cambodia,KHM,2004,6.48597
Cambodia,KHM,2005,6.15048
Cambodia,KHM,2006,5.36461
Cambodia,KHM,2007,4.20613
Cambodia,KHM,2008,5.61297
Cambodia,KHM,2009,6.30897
Cambodia,KHM,2010,5.62713
Cambodia,KHM,2011,6.00444
Cambodia,KHM,2012,5.72469
Cambodia,KHM,2013,5.46155
Cambodia,KHM,2014,5.07833
Cambodia,KHM,2015,4.62507
Cambodia,KHM,2016,4.49053
Cambodia,KHM,2017,4.26933
Cambodia,KHM,2018,4.49708
Cambodia,KHM,2019,5.05801
Cambodia,KHM,2020,5.28458
Cambodia,KHM,2021,5.51976
Cambodia,KHM,2022,4.7109
Cameroon,CMR,2000,4.29573
Cameroon,CMR,2001,4.1683
Cameroon,CMR,2002,4.0267
Cameroon,CMR,2003,3.90228
Cameroon,CMR,2004,3.72799
Cameroon,CMR,2005,3.77274
Cameroon,CMR,2006,3.73663
Cameroon,CMR,2007,3.79499
Cameroon,CMR,2008,3.65844
Cameroon,CMR,2009,3.49997
Cameroon,CMR,2010,3.57742
Cameroon,CMR,2011,3.85283
Cameroon,CMR,2012,3.93102
Cameroon,CMR,2013,3.63136
Cameroon,CMR,2014,4.34149
Cameroon,CMR,2015,4.12601
Cameroon,CMR,2016,4.02254
Cameroon,CMR,2017,3.79294
Cameroon,CMR,2018,3.6197
Cameroon,CMR,2019,3.65158
Cameroon,CMR,2020,4.25052
Cameroon,CMR,2021,4.30539
Cameroon,CMR,2022,4.47836
Canada,CAN,2000,8.24814
Canada,CAN,2001,8.62482
Canada,CAN,2002,8.8567
Canada,CAN,2003,9.0109
Canada,CAN,2004,9.06628
Canada,CAN,2005,9.03541
Canada,CAN,2006,9.32523
Canada,CAN,2007,9.42872
Canada,CAN,2008,9.58827
Canada,CAN,2009,10.69968
Canada,CAN,2010,10.70405
Canada,CAN,2011,10.40832
Canada,CAN,2012,10.54461
Canada,CAN,2013,10.43964
Canada,CAN,2014,10.28526
Canada,CAN,2015,10.7685
Canada,CAN,2016,11.06097
Canada,CAN,2017,10.93421
Canada,CAN,2018,10.94313
Canada,CAN,2019,11.05897
Canada,CAN,2020,13.02419
Canada,CAN,2021,12.41921
Canada,CAN,2022,11.23433
Cape Verde,CPV,2000,4.43401
Cape Verde,CPV,2001,4.75244
Cape Verde,CPV,2002,4.75552
Cape Verde,CPV,2003,4.8596
Cape Verde,CPV,2004,4.75074
Cape Verde,CPV,2005,4.47569
Cape Verde,CPV,2006,5.12305
Cape Verde,CPV,2007,5.14727
Cape Verde,CPV,2008,4.35203
Cape Verde,CPV,2009,3.96602
Cape Verde,CPV,2010,4.08108
Cape Verde,CPV,2011,3.92477
Cape Verde,CPV,2012,4.67406
Cape Verde,CPV,2013,4.82468
Cape Verde,CPV,2014,4.85232
Cape Verde,CPV,2015,4.40074
Cape Verde,CPV,2016,4.36134
Cape Verde,CPV,2017,4.74573
Cape Verde,CPV,2018,4.76032
Cape Verde,CPV,2019,4.47111
Cape Verde,CPV,2020,6.6332
Cape Verde,CPV,2021,7.31661
Cape Verde,CPV,2022,6.6744
Central African Republic,CAF,2000,4.38082
Central African Republic,CAF,2001,4.01044
Central African Republic,CAF,2002,4.23634
Central African Republic,CAF,2003,4.18572
Central African Republic,CAF,2004,4.14368
Central African Republic,CAF,2005,4.22858
Central African Republic,CAF,2006,4.31109
Central African Republic,CAF,2007,4.63389
Central African Republic,CAF,2008,4.02636
Central African Republic,CAF,2009,4.68326
Central African Republic,CAF,2010,3.567
Central African Republic,CAF,2011,3.67562
Central African Republic,CAF,2012,3.91814
Central African Republic,CAF,2013,4.7666
Central African Republic,CAF,2014,4.56557
Central African Republic,CAF,2015,5.03434
Central African Republic,CAF,2016,5.44402
Central African Republic,CAF,2017,6.66542
Central African Republic,CAF,2018,10.99527
Central African Republic,CAF,2019,7.7614
Central African Republic,CAF,2020,8.98555
Central African Republic,CAF,2021,9.15271
Central African Republic,CAF,2022,9.95509
Chad,TCD,2000,4.00527
Chad,TCD,2001,3.88476
Chad,TCD,2002,5.3339
Chad,TCD,2003,4.04336
Chad,TCD,2004,4.03655
Chad,TCD,2005,3.5529
Chad,TCD,2006,3.53793
Chad,TCD,2007,3.14605
Chad,TCD,2008,2.94988
Chad,TCD,2009,3.18316
Chad,TCD,2010,3.04079
Chad,TCD,2011,2.93421
Chad,TCD,2012,2.95897
Chad,TCD,2013,3.12303
Chad,TCD,2014,3.28551
Chad,TCD,2015,3.41505
Chad,TCD,2016,3.60403
Chad,TCD,2017,3.51023
Chad,TCD,2018,3.28932
Chad,TCD,2019,3.38254
Chad,TCD,2020,4.45331
Chad,TCD,2021,4.17852
Chad,TCD,2022,4.5255
Chile,CHL,2000,7.00021
Chile,CHL,2001,7.09733
Chile,CHL,2002,7.20834
Chile,CHL,2003,7.25048
Chile,CHL,2004,6.91029
Chile,CHL,2005,6.62372
Chile,CHL,2006,6.07236
Chile,CHL,2007,6.2126
Chile,CHL,2008,6.73954
Chile,CHL,2009,7.25027
Chile,CHL,2010,6.81958
Chile,CHL,2011,6.79948
Chile,CHL,2012,7.01951
Chile,CHL,2013,7.47553
Chile,CHL,2014,7.8415
Chile,CHL,2015,8.35139
Chile,CHL,2016,8.55767
Chile,CHL,2017,9.09052
Chile,CHL,2018,9.1504
Chile,CHL,2019,9.2992
Chile,CHL,2020,9.68911
Chile,CHL,2021,9.68593
Chile,CHL,2022,10.06173
China,CHN,2000,4.50828
China,CHN,2001,4.2533
China,CHN,2002,4.38285
China,CHN,2003,4.41763
China,CHN,2004,4.29347
China,CHN,2005,4.17605
China,CHN,2006,3.94742
China,CHN,2007,3.67491
China,CHN,2008,3.9
China,CHN,2009,4.34958
China,CHN,2010,4.23068
China,CHN,2011,4.34274
China,CHN,2012,4.56585
China,CHN,2013,4.71491
China,CHN,2014,4.77791
China,CHN,2015,4.93828
China,CHN,2016,4.97956
China,CHN,2017,5.06592
China,CHN,2018,5.1679
China,CHN,2019,5.35028
China,CHN,2020,5.5936
China,CHN,2021,5.38361
China,CHN,2022,5.36949
Colombia,COL,2000,5.63529
Colombia,COL,2001,5.94238
Colombia,COL,2002,5.73297
Colombia,COL,2003,5.77505
Colombia,COL,2004,5.79892
Colombia,COL,2005,6.06711
Colombia,COL,2006,6.33547
Colombia,COL,2007,6.49102
Colombia,COL,2008,6.84192
Colombia,COL,2009,7.31135
Colombia,COL,2010,7.0713
Colombia,COL,2011,6.78077
Colombia,COL,2012,6.74602
Colombia,COL,2013,7.01724
Colombia,COL,2014,7.18553
Colombia,COL,2015,7.52339
Colombia,COL,2016,7.53117
Colombia,COL,2017,7.67864
Colombia,COL,2018,7.62541
Colombia,COL,2019,7.77955
Colombia,COL,2020,8.71432
Colombia,COL,2021,9.01772
Colombia,COL,2022,7.57361
Comoros,COM,2000,7.52075
Comoros,COM,2001,6.66054
Comoros,COM,2002,6.68823
Comoros,COM,2003,6.66025
Comoros,COM,2004,6.58576
Comoros,COM,2005,6.12671
Comoros,COM,2006,5.77342
Comoros,COM,2007,5.41754
Comoros,COM,2008,5.06897
Comoros,COM,2009,4.92694
Comoros,COM,2010,4.99182
Comoros,COM,2011,5.30212
Comoros,COM,2012,5.17355
Comoros,COM,2013,5.10299
Comoros,COM,2014,5.2385
Comoros,COM,2015,4.6009
Comoros,COM,2016,4.65264
Comoros,COM,2017,5.26807
Comoros,COM,2018,4.90319
Comoros,COM,2019,5.18044
Comoros,COM,2020,5.90242
Comoros,COM,2021,6.43369
Comoros,COM,2022,8.38039
Congo,COG,2000,1.50501
Congo,COG,2001,2.1853
Congo,COG,2002,1.70168
Congo,COG,2003,1.91852
Congo,COG,2004,1.92152
Congo,COG,2005,1.71774
Congo,COG,2006,1.70861
Congo,COG,2007,1.902
Congo,COG,2008,2.23927
Congo,COG,2009,2.14222
Congo,COG,2010,1.85173
Congo,COG,2011,1.75237
Congo,COG,2012,1.90971
Congo,COG,2013,1.94347
Congo,COG,2014,1.97312
Congo,COG,2015,2.45668
Congo,COG,2016,2.59423
Congo,COG,2017,2.36476
Congo,COG,2018,1.75585
Congo,COG,2019,2.34771
Congo,COG,2020,4.01775
Congo,COG,2021,3.4934
Congo,COG,2022,2.19225
Cook Islands,COK,2000,3.03594
Cook Islands,COK,2001,3.25854
Cook Islands,COK,2002,3.43605
Cook Islands,COK,2003,3.20134
Cook Islands,COK,2004,3.40954
Cook Islands,COK,2005,3.90653
Cook Islands,COK,2006,3.46896
Cook Islands,COK,2007,4.21186
Cook Islands,COK,2008,3.60124
Cook Islands,COK,2009,3.61929
Cook Islands,COK,2010,3.72605
Cook Islands,COK,2011,3.65376
Cook Islands,COK,2012,3.19375
Cook Islands,COK,2013,3.518
Cook Islands,COK,2014,3.72513
Cook Islands,COK,2015,2.89496
Cook Islands,COK,2016,3.21735
Cook Islands,COK,2017,2.45219
Cook Islands,COK,2018,2.66462
Cook Islands,COK,2019,3.10784
Cook Islands,COK,2020,5.83423
Cook Islands,COK,2021,7.14872
Cook Islands,COK,2022,5.74317
Costa Rica,CRI,2000,6.56499
Costa Rica,CRI,2001,6.4741
Costa Rica,CRI,2002,6.86909
Costa Rica,CRI,2003,6.96919
Costa Rica,CRI,2004,6.63006
Costa Rica,CRI,2005,6.6643
Costa Rica,CRI,2006,6.93531
Costa Rica,CRI,2007,6.99643
Costa Rica,CRI,2008,7.46855
Costa Rica,CRI,2009,7.86019
Costa Rica,CRI,2010,8.02938
Costa Rica,CRI,2011,8.12198
Costa Rica,CRI,2012,7.78642
Costa Rica,CRI,2013,7.68229
Costa Rica,CRI,2014,7.66376
Costa Rica,CRI,2015,7.59196
Costa Rica,CRI,2016,7.31724
Costa Rica,CRI,2017,7.04523
Costa Rica,CRI,2018,7.28588
Costa Rica,CRI,2019,7.22125
Costa Rica,CRI,2020,7.82546
Costa Rica,CRI,2021,7.6113
Costa Rica,CRI,2022,7.18368
Cote d'Ivoire,CIV,2000,4.00221
Cote d'Ivoire,CIV,2001,3.98515
Cote d'Ivoire,CIV,2002,3.92374
Cote d'Ivoire,CIV,2003,3.95148
Cote d'Ivoire,CIV,2004,4.02149
Cote d'Ivoire,CIV,2005,3.96639
Cote d'Ivoire,CIV,2006,3.92861
Cote d'Ivoire,CIV,2007,4.1938
Cote d'Ivoire,CIV,2008,4.13871
Cote d'Ivoire,CIV,2009,4.63971
Cote d'Ivoire,CIV,2010,4.57495
Cote d'Ivoire,CIV,2011,4.39701
Cote d'Ivoire,CIV,2012,4.42737
Cote d'Ivoire,CIV,2013,3.71774
Cote d'Ivoire,CIV,2014,3.73102
Cote d'Ivoire,CIV,2015,3.21988
Cote d'Ivoire,CIV,2016,3.32101
Cote d'Ivoire,CIV,2017,3.24693
Cote d'Ivoire,CIV,2018,3.09168
Cote d'Ivoire,CIV,2019,3.18917
Cote d'Ivoire,CIV,2020,3.62328
Cote d'Ivoire,CIV,2021,3.76208
Cote d'Ivoire,CIV,2022,3.64241
Croatia,HRV,2000,7.65292
Croatia,HRV,2001,7.17129
Croatia,HRV,2002,6.14294
Croatia,HRV,2003,6.29591
Croatia,HRV,2004,6.50386
Croatia,HRV,2005,6.83877
Croatia,HRV,2006,6.90203
Croatia,HRV,2007,7.38673
Croatia,HRV,2008,7.63114
Croatia,HRV,2009,8.06266
Croatia,HRV,2010,7.96872
Croatia,HRV,2011,7.64101
Croatia,HRV,2012,7.65284
Croatia,HRV,2013,6.40097
Croatia,HRV,2014,6.57962
Croatia,HRV,2015,6.6547
Croatia,HRV,2016,6.68087
Croatia,HRV,2017,6.612
Croatia,HRV,2018,6.69267
Croatia,HRV,2019,6.74317
Croatia,HRV,2020,7.64949
Croatia,HRV,2021,8.01352
Croatia,HRV,2022,7.21545
Cuba,CUB,2000,6.5819
Cuba,CUB,2001,6.9821
Cuba,CUB,2002,7.11482
Cuba,CUB,2003,7.10295
Cuba,CUB,2004,6.83179
Cuba,CUB,2005,8.75525
Cuba,CUB,2006,8.27191
Cuba,CUB,2007,10.96749
Cuba,CUB,2008,11.31423
Cuba,CUB,2009,12.29054
Cuba,CUB,2010,10.68808
Cuba,CUB,2011,11.31299
Cuba,CUB,2012,9.29941
Cuba,CUB,2013,10.43099
Cuba,CUB,2014,12.14122
Cuba,CUB,2015,12.81404
Cuba,CUB,2016,12.2177
Cuba,CUB,2017,11.47202
Cuba,CUB,2018,11.01842
Cuba,CUB,2019,11.08501
Cuba,CUB,2020,12.48642
Cuba,CUB,2021,13.78728
Cuba,CUB,2022,11.78683
Cyprus,CYP,2000,5.308
Cyprus,CYP,2001,5.3394
Cyprus,CYP,2002,5.61566
Cyprus,CYP,2003,5.63569
Cyprus,CYP,2004,5.40558
Cyprus,CYP,2005,5.43581
Cyprus,CYP,2006,5.46357
Cyprus,CYP,2007,5.35745
Cyprus,CYP,2008,6.01428
Cyprus,CYP,2009,6.46532
Cyprus,CYP,2010,6.50056
Cyprus,CYP,2011,6.43139
Cyprus,CYP,2012,6.53639
Cyprus,CYP,2013,6.92775
Cyprus,CYP,2014,6.93137
Cyprus,CYP,2015,6.79382
Cyprus,CYP,2016,6.65255
Cyprus,CYP,2017,6.62193
Cyprus,CYP,2018,6.826
Cyprus,CYP,2019,7.06577
Cyprus,CYP,2020,8.76034
Cyprus,CYP,2021,9.47552
Cyprus,CYP,2022,8.87061
Czechia,CZE,2000,5.70103
Czechia,CZE,2001,5.86295
Czechia,CZE,2002,6.17736
Czechia,CZE,2003,6.52412
Czechia,CZE,2004,6.35071
Czechia,CZE,2005,6.34087
Czechia,CZE,2006,6.1638
Czechia,CZE,2007,5.98578
Czechia,CZE,2008,6.33025
Czechia,CZE,2009,7.24881
Czechia,CZE,2010,7.55344
Czechia,CZE,2011,7.53358
Czechia,CZE,2012,7.5941
Czechia,CZE,2013,7.49542
Czechia,CZE,2014,7.5951
Czechia,CZE,2015,7.33515
Czechia,CZE,2016,7.39305
Czechia,CZE,2017,7.33911
Czechia,CZE,2018,7.46031
Czechia,CZE,2019,7.61343
Czechia,CZE,2020,9.15722
Czechia,CZE,2021,9.45247
Czechia,CZE,2022,8.79905
Democratic Republic of Congo,COD,2000,1.46595
Democratic Republic of Congo,COD,2001,2.62311
Democratic Republic of Congo,COD,2002,2.57013
Democratic Republic of Congo,COD,2003,3.73353
Democratic Republic of Congo,COD,2004,4.33564
Democratic Republic of Congo,COD,2005,3.98558
Democratic Republic of Congo,COD,2006,4.06211
Democratic Republic of Congo,COD,2007,3.89385
Democratic Republic of Congo,COD,2008,4.31255
Democratic Republic of Congo,COD,2009,4.51133
Democratic Republic of Congo,COD,2010,3.72224
Democratic Republic of Congo,COD,2011,3.19436
Democratic Republic of Congo,COD,2012,3.2215
Democratic Republic of Congo,COD,2013,3.34058
Democratic Republic of Congo,COD,2014,3.72521
Democratic Republic of Congo,COD,2015,3.74785
Democratic Republic of Congo,COD,2016,4.20028
Democratic Republic of Congo,COD,2017,4.00058
Democratic Republic of Congo,COD,2018,3.24127
Democratic Republic of Congo,COD,2019,3.50804
Democratic Republic of Congo,COD,2020,3.97694
Democratic Republic of Congo,COD,2021,3.67749
Democratic Republic of Congo,COD,2022,3.78615
Denmark,DNK,2000,8.10438
Denmark,DNK,2001,8.44833
Denmark,DNK,2002,8.70251
Denmark,DNK,2003,8.90363
Denmark,DNK,2004,9.00743
Denmark,DNK,2005,9.09057
Denmark,DNK,2006,9.1688
Denmark,DNK,2007,9.32515
Denmark,DNK,2008,9.51134
Denmark,DNK,2009,10.67432
Denmark,DNK,2010,10.60775
Denmark,DNK,2011,10.40703
Denmark,DNK,2012,10.52197
Denmark,DNK,2013,10.32916
Denmark,DNK,2014,10.30918
Denmark,DNK,2015,10.34412
Denmark,DNK,2016,10.25162
Denmark,DNK,2017,10.09826
Denmark,DNK,2018,10.09764
Denmark,DNK,2019,10.15244
Denmark,DNK,2020,10.71855
Denmark,DNK,2021,10.74729
Denmark,DNK,2022,9.47586
Djibouti,DJI,2000,3.39642
Djibouti,DJI,2001,3.19608
Djibouti,DJI,2002,3.75244
Djibouti,DJI,2003,4.27049
Djibouti,DJI,2004,3.53545
Djibouti,DJI,2005,3.80322
Djibouti,DJI,2006,4.21972
Djibouti,DJI,2007,4.05263
Djibouti,DJI,2008,3.61258
Djibouti,DJI,2009,3.63906
Djibouti,DJI,2010,3.357
Djibouti,DJI,2011,3.37388
Djibouti,DJI,2012,3.29731
Djibouti,DJI,2013,2.91782
Djibouti,DJI,2014,2.9593
Djibouti,DJI,2015,3.34758
Djibouti,DJI,2016,2.74166
Djibouti,DJI,2017,2.46857
Djibouti,DJI,2018,2.51872
Djibouti,DJI,2019,2.40641
Djibouti,DJI,2020,2.32228
Djibouti,DJI,2021,2.8867
Djibouti,DJI,2022,2.49675
Dominica,DMA,2000,5.32374
Dominica,DMA,2001,4.64502
Dominica,DMA,2002,4.65311
Dominica,DMA,2003,4.84618
Dominica,DMA,2004,4.7452
Dominica,DMA,2005,4.97773
Dominica,DMA,2006,4.78092
Dominica,DMA,2007,4.7911
Dominica,DMA,2008,5.04969
Dominica,DMA,2009,4.98329
Dominica,DMA,2010,5.15712
Dominica,DMA,2011,5.3345
Dominica,DMA,2012,5.7951
Dominica,DMA,2013,5.3475
Dominica,DMA,2014,5.26142
Dominica,DMA,2015,5.15942
Dominica,DMA,2016,5.12308
Dominica,DMA,2017,5.46245
Dominica,DMA,2018,6.18496
Dominica,DMA,2019,5.16904
Dominica,DMA,2020,6.12651
Dominica,DMA,2021,6.31661
Dominica,DMA,2022,6.3197
Dominican Republic,DOM,2000,4.88427
Dominican Republic,DOM,2001,4.88183
Dominican Republic,DOM,2002,4.98649
Dominican Republic,DOM,2003,4.38888
Dominican Republic,DOM,2004,4.28774
Dominican Republic,DOM,2005,4.35391
Dominican Republic,DOM,2006,3.99365
Dominican Republic,DOM,2007,4.08935
Dominican Republic,DOM,2008,4.56146
Dominican Republic,DOM,2009,4.76338
Dominican Republic,DOM,2010,4.92355
Dominican Republic,DOM,2011,5.03798
Dominican Republic,DOM,2012,5.04898
Dominican Republic,DOM,2013,4.91598
Dominican Republic,DOM,2014,4.79757
Dominican Republic,DOM,2015,4.72217
Dominican Republic,DOM,2016,4.57663
Dominican Republic,DOM,2017,4.49337
Dominican Republic,DOM,2018,4.12602
Dominican Republic,DOM,2019,4.23949
Dominican Republic,DOM,2020,4.93967
Dominican Republic,DOM,2021,4.91808
Dominican Republic,DOM,2022,4.57255
East Timor,TLS,2003,2.84187
East Timor,TLS,2004,4.26104
East Timor,TLS,2005,5.28045
East Timor,TLS,2006,6.00192
East Timor,TLS,2007,5.64793
East Timor,TLS,2008,6.96564
East Timor,TLS,2009,7.30932
East Timor,TLS,2010,6.47059
East Timor,TLS,2011,6.86541
East Timor,TLS,2012,6.99215
East Timor,TLS,2013,8.53238
East Timor,TLS,2014,7.60484
East Timor,TLS,2015,7.67217
East Timor,TLS,2016,6.89625
East Timor,TLS,2017,6.75753
East Timor,TLS,2018,6.36953
East Timor,TLS,2019,6.02679
East Timor,TLS,2020,9.93865
East Timor,TLS,2021,11.43106
East Timor,TLS,2022,14.32455
Eastern Mediterranean (WHO),WHO_EMR,2000,4.55871
Eastern Mediterranean (WHO),WHO_EMR,2001,4.77877
Eastern Mediterranean (WHO),WHO_EMR,2002,5.06978
Eastern Mediterranean (WHO),WHO_EMR,2003,4.90913
Eastern Mediterranean (WHO),WHO_EMR,2004,4.85893
Eastern Mediterranean (WHO),WHO_EMR,2005,4.65178
Eastern Mediterranean (WHO),WHO_EMR,2006,4.68014
Eastern Mediterranean (WHO),WHO_EMR,2007,4.68345
Eastern Mediterranean (WHO),WHO_EMR,2008,4.62344
Eastern Mediterranean (WHO),WHO_EMR,2009,5.12549
Eastern Mediterranean (WHO),WHO_EMR,2010,4.71496
Eastern Mediterranean (WHO),WHO_EMR,2011,4.80029
Eastern Mediterranean (WHO),WHO_EMR,2012,4.7227
Eastern Mediterranean (WHO),WHO_EMR,2013,4.82727
Eastern Mediterranean (WHO),WHO_EMR,2014,4.9736
Eastern Mediterranean (WHO),WHO_EMR,2015,5.25473
Eastern Mediterranean (WHO),WHO_EMR,2016,5.46364
Eastern Mediterranean (WHO),WHO_EMR,2017,5.38051
Eastern Mediterranean (WHO),WHO_EMR,2018,5.34263
Eastern Mediterranean (WHO),WHO_EMR,2019,5.42654
Eastern Mediterranean (WHO),WHO_EMR,2020,5.81608
Eastern Mediterranean (WHO),WHO_EMR,2021,5.86347
Eastern Mediterranean (WHO),WHO_EMR,2022,5.56858
Ecuador,ECU,2000,3.48257
Ecuador,ECU,2001,3.97254
Ecuador,ECU,2002,4.72294
Ecuador,ECU,2003,5.70121
Ecuador,ECU,2004,5.79041
Ecuador,ECU,2005,5.76794
Ecuador,ECU,2006,5.84507
Ecuador,ECU,2007,5.55722
Ecuador,ECU,2008,5.52175
Ecuador,ECU,2009,6.03388
Ecuador,ECU,2010,6.34926
Ecuador,ECU,2011,6.6051
Ecuador,ECU,2012,6.8786
Ecuador,ECU,2013,6.77866
Ecuador,ECU,2014,6.76602
Ecuador,ECU,2015,7.76786
Ecuador,ECU,2016,7.58817
Ecuador,ECU,2017,7.52484
Ecuador,ECU,2018,7.83214
Ecuador,ECU,2019,7.80768
Ecuador,ECU,2020,8.65763
Ecuador,ECU,2021,8.20646
Ecuador,ECU,2022,7.53457
Egypt,EGY,2000,4.92244
Egypt,EGY,2001,5.4003
Egypt,EGY,2002,5.51074
Egypt,EGY,2003,5.22425
Egypt,EGY,2004,4.85732
Egypt,EGY,2005,4.92229
Egypt,EGY,2006,4.8419
Egypt,EGY,2007,4.44493
Egypt,EGY,2008,4.46635
Egypt,EGY,2009,4.37871
Egypt,EGY,2010,4.15319
Egypt,EGY,2011,4.35708
Egypt,EGY,2012,4.45892
Egypt,EGY,2013,4.671
Egypt,EGY,2014,4.77415
Egypt,EGY,2015,5.06153
Egypt,EGY,2016,5.07462
Egypt,EGY,2017,5.34662
Egypt,EGY,2018,4.74893
Egypt,EGY,2019,4.59947
Egypt,EGY,2020,4.15385
Egypt,EGY,2021,4.60955
Egypt,EGY,2022,4.70438
El Salvador,SLV,2000,7.84343
El Salvador,SLV,2001,7.88605
El Salvador,SLV,2002,7.88566
El Salvador,SLV,2003,7.77182
El Salvador,SLV,2004,8.13022
El Salvador,SLV,2005,9.20058
El Salvador,SLV,2006,8.69339
El Salvador,SLV,2007,8.47836
El Salvador,SLV,2008,8.49586
El Salvador,SLV,2009,8.8375
El Salvador,SLV,2010,8.90416
El Salvador,SLV,2011,8.87645
El Salvador,SLV,2012,8.60625
El Salvador,SLV,2013,9.05236
El Salvador,SLV,2014,8.59894
El Salvador,SLV,2015,8.75833
El Salvador,SLV,2016,8.71456
El Salvador,SLV,2017,8.42287
El Salvador,SLV,2018,8.32275
El Salvador,SLV,2019,8.80846
El Salvador,SLV,2020,8.95105
El Salvador,SLV,2021,10.12669
El Salvador,SLV,2022,9.8408
Equatorial Guinea,GNQ,2000,1.1072
Equatorial Guinea,GNQ,2001,1.20301
Equatorial Guinea,GNQ,2002,2.74982
Equatorial Guinea,GNQ,2003,1.8275
Equatorial Guinea,GNQ,2004,1.45293
Equatorial Guinea,GNQ,2005,1.29643
Equatorial Guinea,GNQ,2006,1.29172
Equatorial Guinea,GNQ,2007,1.30166
Equatorial Guinea,GNQ,2008,1.11556
Equatorial Guinea,GNQ,2009,1.76791
Equatorial Guinea,GNQ,2010,1.62135
Equatorial Guinea,GNQ,2011,1.42924
Equatorial Guinea,GNQ,2012,1.51459
Equatorial Guinea,GNQ,2013,1.64174
Equatorial Guinea,GNQ,2014,1.75402
Equatorial Guinea,GNQ,2015,2.34058
Equatorial Guinea,GNQ,2016,2.85942
Equatorial Guinea,GNQ,2017,2.74714
Equatorial Guinea,GNQ,2018,2.85224
Equatorial Guinea,GNQ,2019,3.16781
Equatorial Guinea,GNQ,2020,3.99582
Equatorial Guinea,GNQ,2021,3.39468
Equatorial Guinea,GNQ,2022,2.9135
Eritrea,ERI,2000,5.7667
Eritrea,ERI,2001,5.91932
Eritrea,ERI,2002,6.68857
Eritrea,ERI,2003,7.33703
Eritrea,ERI,2004,7.00985
Eritrea,ERI,2005,6.86418
Eritrea,ERI,2006,6.85727
Eritrea,ERI,2007,5.27863
Eritrea,ERI,2008,6.57808
Eritrea,ERI,2009,5.42343
Eritrea,ERI,2010,4.81867
Eritrea,ERI,2011,5.16229
Eritrea,ERI,2012,3.74246
Eritrea,ERI,2013,4.96765
Eritrea,ERI,2014,3.91432
Eritrea,ERI,2015,4.50777
Eritrea,ERI,2016,3.73839
Eritrea,ERI,2017,4.15359
Eritrea,ERI,2018,4.24749
Eritrea,ERI,2019,4.64806
Eritrea,ERI,2020,4.31047
Eritrea,ERI,2021,4.17839
Eritrea,ERI,2022,3.87448
Estonia,EST,2000,5.17029
Estonia,EST,2001,4.7806
Estonia,EST,2002,4.70329
Estonia,EST,2003,5.13883
Estonia,EST,2004,5.33759
Estonia,EST,2005,5.29536
Estonia,EST,2006,4.97391
Estonia,EST,2007,5.18456
Estonia,EST,2008,5.95725
Estonia,EST,2009,6.84477
Estonia,EST,2010,6.59434
Estonia,EST,2011,6.07817
Estonia,EST,2012,6.09507
Estonia,EST,2013,6.28062
Estonia,EST,2014,6.362
Estonia,EST,2015,6.64135
Estonia,EST,2016,6.70241
Estonia,EST,2017,6.59727
Estonia,EST,2018,6.69128
Estonia,EST,2019,6.81699
Estonia,EST,2020,7.57906
Estonia,EST,2021,7.4786
Estonia,EST,2022,6.98701
Eswatini,SWZ,2000,4.60952
Eswatini,SWZ,2001,5.13895
Eswatini,SWZ,2002,5.52298
Eswatini,SWZ,2003,6.37864
Eswatini,SWZ,2004,6.81432
Eswatini,SWZ,2005,7.37623
Eswatini,SWZ,2006,7.8256
Eswatini,SWZ,2007,7.93004
Eswatini,SWZ,2008,8.85793
Eswatini,SWZ,2009,8.63292
Eswatini,SWZ,2010,8.59126
Eswatini,SWZ,2011,8.46997
Eswatini,SWZ,2012,7.82048
Eswatini,SWZ,2013,7.45703
Eswatini,SWZ,2014,7.25597
Eswatini,SWZ,2015,7.05855
Eswatini,SWZ,2016,6.82045
Eswatini,SWZ,2017,6.98104
Eswatini,SWZ,2018,7.31938
Eswatini,SWZ,2019,8.40034
Eswatini,SWZ,2020,7.07604
Eswatini,SWZ,2021,7.38329
Eswatini,SWZ,2022,7.22266
Ethiopia,ETH,2000,4.36505
Ethiopia,ETH,2001,4.72317
Ethiopia,ETH,2002,4.71263
Ethiopia,ETH,2003,4.89971
Ethiopia,ETH,2004,4.31282
Ethiopia,ETH,2005,4.10098
Ethiopia,ETH,2006,4.45757
Ethiopia,ETH,2007,5.00128
Ethiopia,ETH,2008,4.28064
Ethiopia,ETH,2009,4.64966
Ethiopia,ETH,2010,5.46637
Ethiopia,ETH,2011,4.46898
Ethiopia,ETH,2012,4.5396
Ethiopia,ETH,2013,4.07507
Ethiopia,ETH,2014,4.03366
Ethiopia,ETH,2015,3.82317
Ethiopia,ETH,2016,3.60034
Ethiopia,ETH,2017,3.45337
Ethiopia,ETH,2018,3.30372
Ethiopia,ETH,2019,3.24287
Ethiopia,ETH,2020,3.48096
Ethiopia,ETH,2021,3.20754
Ethiopia,ETH,2022,2.85275
Europe (WHO),WHO_EUR,2000,6.3949
Europe (WHO),WHO_EUR,2001,6.54879
Europe (WHO),WHO_EUR,2002,6.81604
Europe (WHO),WHO_EUR,2003,7.02315
Europe (WHO),WHO_EUR,2004,7.07798
Europe (WHO),WHO_EUR,2005,7.13436
Europe (WHO),WHO_EUR,2006,7.04039
Europe (WHO),WHO_EUR,2007,6.93072
Europe (WHO),WHO_EUR,2008,7.1543
Europe (WHO),WHO_EUR,2009,7.74797
Europe (WHO),WHO_EUR,2010,7.68785
Europe (WHO),WHO_EUR,2011,7.59793
Europe (WHO),WHO_EUR,2012,7.70837
Europe (WHO),WHO_EUR,2013,7.72009
Europe (WHO),WHO_EUR,2014,7.67839
Europe (WHO),WHO_EUR,2015,7.70155
Europe (WHO),WHO_EUR,2016,7.71317
Europe (WHO),WHO_EUR,2017,7.60119
Europe (WHO),WHO_EUR,2018,7.56776
Europe (WHO),WHO_EUR,2019,7.68532
Europe (WHO),WHO_EUR,2020,8.611
Europe (WHO),WHO_EUR,2021,8.6471
Europe (WHO),WHO_EUR,2022,8.05569
Fiji,FJI,2000,3.42441
Fiji,FJI,2001,2.90547
Fiji,FJI,2002,2.9835
Fiji,FJI,2003,2.97298
Fiji,FJI,2004,3.25769
Fiji,FJI,2005,3.25657
Fiji,FJI,2006,3.34798
Fiji,FJI,2007,3.41515
Fiji,FJI,2008,3.18467
Fiji,FJI,2009,3.53588
Fiji,FJI,2010,3.41664
Fiji,FJI,2011,3.14294
Fiji,FJI,2012,3.26555
Fiji,FJI,2013,3.20041
Fiji,FJI,2014,3.3686
Fiji,FJI,2015,3.32469
Fiji,FJI,2016,3.2798
Fiji,FJI,2017,3.1869
Fiji,FJI,2018,4.10573
Fiji,FJI,2019,4.28229
Fiji,FJI,2020,5.28987
Fiji,FJI,2021,7.06085
Fiji,FJI,2022,4.0091
Finland,FIN,2000,7.09253
Finland,FIN,2001,7.2509
Finland,FIN,2002,7.6277
Finland,FIN,2003,7.93805
Finland,FIN,2004,8.05913
Finland,FIN,2005,8.28796
Finland,FIN,2006,8.28412
Finland,FIN,2007,8.08359
Finland,FIN,2008,8.34311
Finland,FIN,2009,9.16122
Finland,FIN,2010,9.14203
Finland,FIN,2011,9.22303
Finland,FIN,2012,9.5858
Finland,FIN,2013,9.80535
Finland,FIN,2014,9.78115
Finland,FIN,2015,9.64524
Finland,FIN,2016,9.37796
Finland,FIN,2017,9.1267
Finland,FIN,2018,9.04514
Finland,FIN,2019,9.17143
Finland,FIN,2020,9.6325
Finland,FIN,2021,9.83458
Finland,FIN,2022,9.65892
France,FRA,2000,9.58448
France,FRA,2001,9.70563
France,FRA,2002,10.02219
France,FRA,2003,10.08283
France,FRA,2004,10.16429
France,FRA,2005,10.21484
France,FRA,2006,10.38566
France,FRA,2007,10.31564
France,FRA,2008,10.50085
France,FRA,2009,11.28756
France,FRA,2010,11.2256
France,FRA,2011,11.18498
France,FRA,2012,11.2974
France,FRA,2013,11.39591
France,FRA,2014,11.52531
France,FRA,2015,11.43985
France,FRA,2016,11.49049
France,FRA,2017,11.37064
France,FRA,2018,11.21034
France,FRA,2019,11.09938
France,FRA,2020,12.07227
France,FRA,2021,12.29229
France,FRA,2022,11.8819
Gabon,GAB,2000,2.90125
Gabon,GAB,2001,3.14839
Gabon,GAB,2002,3.32413
Gabon,GAB,2003,3.53188
Gabon,GAB,2004,3.3298
Gabon,GAB,2005,2.93181
Gabon,GAB,2006,3.1427
Gabon,GAB,2007,3.16226
Gabon,GAB,2008,2.78923
Gabon,GAB,2009,3.83494
Gabon,GAB,2010,2.47557
Gabon,GAB,2011,2.55772
Gabon,GAB,2012,2.42098
Gabon,GAB,2013,2.84087
Gabon,GAB,2014,2.53282
Gabon,GAB,2015,2.65744
Gabon,GAB,2016,3.1077
Gabon,GAB,2017,2.78069
Gabon,GAB,2018,2.75235
Gabon,GAB,2019,2.77686
Gabon,GAB,2020,3.41718
Gabon,GAB,2021,2.69024
Gabon,GAB,2022,2.85592
Gambia,GMB,2000,10.78533
Gambia,GMB,2001,8.29926
Gambia,GMB,2002,6.2326
Gambia,GMB,2003,5.29709
Gambia,GMB,2004,5.42
Gambia,GMB,2005,5.38602
Gambia,GMB,2006,5.43721
Gambia,GMB,2007,4.95502
Gambia,GMB,2008,4.65939
Gambia,GMB,2009,4.46431
Gambia,GMB,2010,4.11944
Gambia,GMB,2011,4.36967
Gambia,GMB,2012,4.26872
Gambia,GMB,2013,3.91375
Gambia,GMB,2014,3.05235
Gambia,GMB,2015,3.17613
Gambia,GMB,2016,3.19524
Gambia,GMB,2017,3.35449
Gambia,GMB,2018,3.23714
Gambia,GMB,2019,3.14535
Gambia,GMB,2020,3.72824
Gambia,GMB,2021,3.19251
Gambia,GMB,2022,3.55907
Georgia,GEO,2000,7.19459
Georgia,GEO,2001,7.16951
Georgia,GEO,2002,7.81474
Georgia,GEO,2003,8.02953
Georgia,GEO,2004,8.08911
Georgia,GEO,2005,8.07734
Georgia,GEO,2006,7.63208
Georgia,GEO,2007,7.43518
Georgia,GEO,2008,8.44424
Georgia,GEO,2009,9.56682
Georgia,GEO,2010,8.93946
Georgia,GEO,2011,7.82405
Georgia,GEO,2012,7.85389
Georgia,GEO,2013,7.7356
Georgia,GEO,2014,7.75487
Georgia,GEO,2015,7.29131
Georgia,GEO,2016,7.83985
Georgia,GEO,2017,6.95936
Georgia,GEO,2018,6.9918
Georgia,GEO,2019,6.59412
Georgia,GEO,2020,8.3416
Georgia,GEO,2021,8.31533
Georgia,GEO,2022,7.2557
Germany,DEU,2000,9.88844
Germany,DEU,2001,9.92069
Germany,DEU,2002,10.18366
Germany,DEU,2003,10.40202
Germany,DEU,2004,10.14603
Germany,DEU,2005,10.31154
Germany,DEU,2006,10.17995
Germany,DEU,2007,10.05133
Germany,DEU,2008,10.25129
Germany,DEU,2009,11.23791
Germany,DEU,2010,11.09593
Germany,DEU,2011,10.77845
Germany,DEU,2012,10.85346
Germany,DEU,2013,10.99906
Germany,DEU,2014,11.02588
Germany,DEU,2015,11.19028
Germany,DEU,2016,11.24167
Germany,DEU,2017,11.32552
Germany,DEU,2018,11.47315
Germany,DEU,2019,11.71595
Germany,DEU,2020,12.69023
Germany,DEU,2021,12.90171
Germany,DEU,2022,12.60513
Ghana,GHA,2000,1.78945
Ghana,GHA,2001,2.00263
Ghana,GHA,2002,2.0874
Ghana,GHA,2003,2.29619
Ghana,GHA,2004,2.53113
Ghana,GHA,2005,3.50288
Ghana,GHA,2006,3.92256
Ghana,GHA,2007,3.96242
Ghana,GHA,2008,3.95173
Ghana,GHA,2009,4.40091
Ghana,GHA,2010,4.73425
Ghana,GHA,2011,4.46856
Ghana,GHA,2012,3.91583
Ghana,GHA,2013,4.59225
Ghana,GHA,2014,4.01644
Ghana,GHA,2015,4.54297
Ghana,GHA,2016,3.39036
Ghana,GHA,2017,2.68787
Ghana,GHA,2018,2.43001
Ghana,GHA,2019,3.2545
Ghana,GHA,2020,4.43317
Ghana,GHA,2021,3.86031
Ghana,GHA,2022,3.69936
Greece,GRC,2000,7.24333
Greece,GRC,2001,7.98784
Greece,GRC,2002,8.23378
Greece,GRC,2003,8.44916
Greece,GRC,2004,8.0939
Greece,GRC,2005,8.56467
Greece,GRC,2006,8.25867
Greece,GRC,2007,8.39808
Greece,GRC,2008,8.82774
Greece,GRC,2009,9.40689
Greece,GRC,2010,9.59662
Greece,GRC,2011,9.1933
Greece,GRC,2012,8.92416
Greece,GRC,2013,8.43796
Greece,GRC,2014,7.89141
Greece,GRC,2015,8.22005
Greece,GRC,2016,8.44875
Greece,GRC,2017,8.13516
Greece,GRC,2018,8.12024
Greece,GRC,2019,8.19828
Greece,GRC,2020,9.52422
Greece,GRC,2021,9.18476
Greece,GRC,2022,8.49984
Grenada,GRD,2000,5.35886
Grenada,GRD,2001,5.62457
Grenada,GRD,2002,6.1757
Grenada,GRD,2003,5.28486
Grenada,GRD,2004,5.36568
Grenada,GRD,2005,5.1446
Grenada,GRD,2006,5.11352
Grenada,GRD,2007,5.23868
Grenada,GRD,2008,5.3862
Grenada,GRD,2009,5.43471
Grenada,GRD,2010,5.41881
Grenada,GRD,2011,5.80423
Grenada,GRD,2012,5.82236
Grenada,GRD,2013,5.62653
Grenada,GRD,2014,4.77354
Grenada,GRD,2015,4.64676
Grenada,GRD,2016,4.4391
Grenada,GRD,2017,4.65701
Grenada,GRD,2018,4.58374
Grenada,GRD,2019,4.9319
Grenada,GRD,2020,5.32282
Grenada,GRD,2021,5.34433
Grenada,GRD,2022,4.94846
Guatemala,GTM,2000,5.39686
Guatemala,GTM,2001,6.07024
Guatemala,GTM,2002,6.01301
Guatemala,GTM,2003,6.15307
Guatemala,GTM,2004,6.26183
Guatemala,GTM,2005,6.14826
Guatemala,GTM,2006,6.36362
Guatemala,GTM,2007,6.19183
Guatemala,GTM,2008,6.0813
Guatemala,GTM,2009,6.33939
Guatemala,GTM,2010,6.12478
Guatemala,GTM,2011,5.96307
Guatemala,GTM,2012,6.07317
Guatemala,GTM,2013,5.77189
Guatemala,GTM,2014,5.88857
Guatemala,GTM,2015,6.00602
Guatemala,GTM,2016,6.07008
Guatemala,GTM,2017,6.13564
Guatemala,GTM,2018,6.10663
Guatemala,GTM,2019,6.17443
Guatemala,GTM,2020,6.45952
Guatemala,GTM,2021,6.9768
Guatemala,GTM,2022,7.44099
Guinea,GIN,2000,4.74097
Guinea,GIN,2001,4.88433
Guinea,GIN,2002,5.35654
Guinea,GIN,2003,4.77216
Guinea,GIN,2004,4.77633
Guinea,GIN,2005,4.03453
Guinea,GIN,2006,3.61527
Guinea,GIN,2007,3.48262
Guinea,GIN,2008,3.26562
Guinea,GIN,2009,3.58147
Guinea,GIN,2010,3.42782
Guinea,GIN,2011,3.78955
Guinea,GIN,2012,3.50399
Guinea,GIN,2013,3.46109
Guinea,GIN,2014,4.78799
Guinea,GIN,2015,5.80919
Guinea,GIN,2016,5.39695
Guinea,GIN,2017,3.91513
Guinea,GIN,2018,3.73843
Guinea,GIN,2019,4.08876
Guinea,GIN,2020,3.90095
Guinea,GIN,2021,3.71759
Guinea,GIN,2022,3.95848
Guinea-Bissau,GNB,2000,4.18953
Guinea-Bissau,GNB,2001,4.53105
Guinea-Bissau,GNB,2002,3.96903
Guinea-Bissau,GNB,2003,3.53315
Guinea-Bissau,GNB,2004,4.27735
Guinea-Bissau,GNB,2005,4.55162
Guinea-Bissau,GNB,2006,5.08093
Guinea-Bissau,GNB,2007,5.03941
Guinea-Bissau,GNB,2008,5.45864
Guinea-Bissau,GNB,2009,4.73429
Guinea-Bissau,GNB,2010,5.26704
Guinea-Bissau,GNB,2011,6.21635
Guinea-Bissau,GNB,2012,5.94135
Guinea-Bissau,GNB,2013,7.03943
Guinea-Bissau,GNB,2014,9.96897
Guinea-Bissau,GNB,2015,8.13228
Guinea-Bissau,GNB,2016,8.32881
Guinea-Bissau,GNB,2017,7.0005
Guinea-Bissau,GNB,2018,7.28224
Guinea-Bissau,GNB,2019,7.17018
Guinea-Bissau,GNB,2020,9.02939
Guinea-Bissau,GNB,2021,8.16333
Guinea-Bissau,GNB,2022,8.11358
Guyana,GUY,2000,3.18738
Guyana,GUY,2001,3.05507
Guyana,GUY,2002,3.19354
Guyana,GUY,2003,3.26884
Guyana,GUY,2004,3.4377
Guyana,GUY,2005,3.7941
Guyana,GUY,2006,3.93144
Guyana,GUY,2007,4.28126
Guyana,GUY,2008,4.20242
Guyana,GUY,2009,4.35117
Guyana,GUY,2010,4.21898
Guyana,GUY,2011,4.17213
Guyana,GUY,2012,3.70819
Guyana,GUY,2013,3.80231
Guyana,GUY,2014,3.94755
Guyana,GUY,2015,4.02265
Guyana,GUY,2016,4.01842
Guyana,GUY,2017,4.31911
Guyana,GUY,2018,4.90493
Guyana,GUY,2019,4.90332
Guyana,GUY,2020,5.41807
Guyana,GUY,2021,4.9237
Guyana,GUY,2022,3.00637
Haiti,HTI,2000,3.99166
Haiti,HTI,2001,3.75029
Haiti,HTI,2002,3.4325
Haiti,HTI,2003,3.53695
Haiti,HTI,2004,3.42928
Haiti,HTI,2005,3.30555
Haiti,HTI,2006,3.48014
Haiti,HTI,2007,3.64734
Haiti,HTI,2008,3.75722
Haiti,HTI,2009,3.50277
Haiti,HTI,2010,4.54871
Haiti,HTI,2011,5.91198
Haiti,HTI,2012,5.56462
Haiti,HTI,2013,4.10524
Haiti,HTI,2014,4.52036
Haiti,HTI,2015,5.07518
Haiti,HTI,2016,4.80761
Haiti,HTI,2017,3.81994
Haiti,HTI,2018,4.3165
Haiti,HTI,2019,3.91108
Haiti,HTI,2020,3.22171
Haiti,HTI,2021,3.44216
Haiti,HTI,2022,3.20849
Honduras,HND,2000,6.26818
Honduras,HND,2001,5.92998
Honduras,HND,2002,6.24458
Honduras,HND,2003,6.89005
Honduras,HND,2004,6.85484
Honduras,HND,2005,7.50086
Honduras,HND,2006,7.86319
Honduras,HND,2007,8.08495
Honduras,HND,2008,8.60363
Honduras,HND,2009,8.99592
Honduras,HND,2010,8.72536
Honduras,HND,2011,8.79187
Honduras,HND,2012,8.65655
Honduras,HND,2013,8.47723
Honduras,HND,2014,7.91456
Honduras,HND,2015,7.48379
Honduras,HND,2016,7.70945
Honduras,HND,2017,7.00669
Honduras,HND,2018,7.22821
Honduras,HND,2019,7.28237
Honduras,HND,2020,9.0351
Honduras,HND,2021,9.16102
Honduras,HND,2022,8.2821
Hungary,HUN,2000,6.77804
Hungary,HUN,2001,6.82615
Hungary,HUN,2002,7.12102
Hungary,HUN,2003,8.12085
Hungary,HUN,2004,7.75806
Hungary,HUN,2005,7.98451
Hungary,HUN,2006,7.77806
Hungary,HUN,2007,7.20393
Hungary,HUN,2008,7.0884
Hungary,HUN,2009,7.22222
Hungary,HUN,2010,7.44858
Hungary,HUN,2011,7.48131
Hungary,HUN,2012,7.41063
Hungary,HUN,2013,7.23441
Hungary,HUN,2014,7.04666
Hungary,HUN,2015,6.85402
Hungary,HUN,2016,6.98777
Hungary,HUN,2017,6.74387
Hungary,HUN,2018,6.57988
Hungary,HUN,2019,6.28167
Hungary,HUN,2020,7.2876
Hungary,HUN,2021,7.38329
Hungary,HUN,2022,6.68982
Iceland,ISL,2000,8.89924
Iceland,ISL,2001,8.75266
Iceland,ISL,2002,9.40382
Iceland,ISL,2003,9.7293
Iceland,ISL,2004,9.32854
Iceland,ISL,2005,8.94695
Iceland,ISL,2006,8.55709
Iceland,ISL,2007,8.35359
Iceland,ISL,2008,8.34371
Iceland,ISL,2009,8.77518
Iceland,ISL,2010,8.36173
Iceland,ISL,2011,8.25499
Iceland,ISL,2012,8.23091
Iceland,ISL,2013,8.22651
Iceland,ISL,2014,8.29044
Iceland,ISL,2015,8.13122
Iceland,ISL,2016,8.15569
Iceland,ISL,2017,8.32431
Iceland,ISL,2018,8.43818
Iceland,ISL,2019,8.63996
Iceland,ISL,2020,9.67781
Iceland,ISL,2021,9.78697
Iceland,ISL,2022,9.28594
India,IND,2000,4.10568
India,IND,2001,4.33754
India,IND,2002,4.31453
India,IND,2003,4.07878
India,IND,2004,4.02679
India,IND,2005,3.85508
India,IND,2006,3.66902
India,IND,2007,3.58104
India,IND,2008,3.58856
India,IND,2009,3.54638
India,IND,2010,3.33626
India,IND,2011,3.24634
India,IND,2012,3.32935
India,IND,2013,3.74944
India,IND,2014,3.61957
India,IND,2015,3.59566
India,IND,2016,3.5043
India,IND,2017,2.93598
India,IND,2018,2.85849
India,IND,2019,2.953
India,IND,2020,3.34146
India,IND,2021,3.34681
India,IND,2022,3.30588
Indonesia,IDN,2000,1.85298
Indonesia,IDN,2001,2.1185
Indonesia,IDN,2002,1.98063
Indonesia,IDN,2003,2.24837
Indonesia,IDN,2004,2.12002
Indonesia,IDN,2005,2.53189
Indonesia,IDN,2006,2.61946
Indonesia,IDN,2007,2.82386
Indonesia,IDN,2008,2.54842
Indonesia,IDN,2009,2.62324
Indonesia,IDN,2010,2.79088
Indonesia,IDN,2011,2.98942
Indonesia,IDN,2012,2.91427
Indonesia,IDN,2013,2.86935
Indonesia,IDN,2014,2.96434
Indonesia,IDN,2015,2.92429
Indonesia,IDN,2016,3.02147
Indonesia,IDN,2017,2.90417
Indonesia,IDN,2018,2.86758
Indonesia,IDN,2019,2.87863
Indonesia,IDN,2020,3.42067
Indonesia,IDN,2021,3.70635
Indonesia,IDN,2022,2.69395
Iran,IRN,2000,4.72251
Iran,IRN,2001,5.16087
Iran,IRN,2002,4.65182
Iran,IRN,2003,4.95589
Iran,IRN,2004,5.12801
Iran,IRN,2005,5.29996
Iran,IRN,2006,5.15991
Iran,IRN,2007,4.91188
Iran,IRN,2008,5.0399
Iran,IRN,2009,6.11493
Iran,IRN,2010,6.29153
Iran,IRN,2011,6.09788
Iran,IRN,2012,6.12235
Iran,IRN,2013,5.54722
Iran,IRN,2014,6.3524
Iran,IRN,2015,7.53312
Iran,IRN,2016,7.99203
Iran,IRN,2017,7.83455
Iran,IRN,2018,7.73915
Iran,IRN,2019,6.27399
Iran,IRN,2020,5.4015
Iran,IRN,2021,5.77014
Iran,IRN,2022,5.34889
Iraq,IRQ,2003,2.99694
Iraq,IRQ,2004,3.90129
Iraq,IRQ,2005,3.01705
Iraq,IRQ,2006,2.4937
Iraq,IRQ,2007,3.21481
Iraq,IRQ,2008,3.06604
Iraq,IRQ,2009,3.77204
Iraq,IRQ,2010,3.23955
Iraq,IRQ,2011,2.80316
Iraq,IRQ,2012,2.69366
Iraq,IRQ,2013,2.80868
Iraq,IRQ,2014,2.78787
Iraq,IRQ,2015,3.15587
Iraq,IRQ,2016,4.58949
Iraq,IRQ,2017,4.04065
Iraq,IRQ,2018,4.12989
Iraq,IRQ,2019,4.28183
Iraq,IRQ,2020,5.76473
Iraq,IRQ,2021,5.25096
Iraq,IRQ,2022,4.29332
Ireland,IRL,2000,5.89903
Ireland,IRL,2001,6.39249
Ireland,IRL,2002,6.67263
Ireland,IRL,2003,7.00761
Ireland,IRL,2004,7.21973
Ireland,IRL,2005,7.64243
Ireland,IRL,2006,7.51647
Ireland,IRL,2007,7.80774
Ireland,IRL,2008,9.12565
Ireland,IRL,2009,10.52276
Ireland,IRL,2010,10.52404
Ireland,IRL,2011,10.59872
Ireland,IRL,2012,10.62189
Ireland,IRL,2013,10.28716
Ireland,IRL,2014,9.49472
Ireland,IRL,2015,7.32119
Ireland,IRL,2016,7.4819
Ireland,IRL,2017,7.10796
Ireland,IRL,2018,6.47943
Ireland,IRL,2019,6.71555
Ireland,IRL,2020,7.06343
Ireland,IRL,2021,6.59614
Ireland,IRL,2022,6.11979
Israel,ISR,2000,6.61731
Israel,ISR,2001,7.01818
Israel,ISR,2002,6.92268
Israel,ISR,2003,6.85544
Israel,ISR,2004,6.8006
Israel,ISR,2005,6.90325
Israel,ISR,2006,6.70972
Israel,ISR,2007,6.69537
Israel,ISR,2008,6.8283
Israel,ISR,2009,6.91637
Israel,ISR,2010,6.88818
Israel,ISR,2011,6.83919
Israel,ISR,2012,6.97649
Israel,ISR,2013,6.95815
Israel,ISR,2014,7.04531
Israel,ISR,2015,7.02218
Israel,ISR,2016,7.09563
Israel,ISR,2017,7.17606
Israel,ISR,2018,7.22799
Israel,ISR,2019,7.17439
Israel,ISR,2020,7.7012
Israel,ISR,2021,7.6713
Israel,ISR,2022,7.34162
Italy,ITA,2000,7.56666
Italy,ITA,2001,7.73769
Italy,ITA,2002,7.86694
Italy,ITA,2003,7.83298
Italy,ITA,2004,8.16549
Italy,ITA,2005,8.33932
Italy,ITA,2006,8.43673
Italy,ITA,2007,8.13616
Italy,ITA,2008,8.53282
Italy,ITA,2009,8.95162
Italy,ITA,2010,8.91602
Italy,ITA,2011,8.77407
Italy,ITA,2012,8.78353
Italy,ITA,2013,8.77544
Italy,ITA,2014,8.86792
Italy,ITA,2015,8.85689
Italy,ITA,2016,8.72533
Italy,ITA,2017,8.67774
Italy,ITA,2018,8.68188
Italy,ITA,2019,8.65634
Italy,ITA,2020,9.62486
Italy,ITA,2021,9.3439
Italy,ITA,2022,9.02753
Jamaica,JAM,2000,5.64463
Jamaica,JAM,2001,5.15653
Jamaica,JAM,2002,4.74544
Jamaica,JAM,2003,4.22014
Jamaica,JAM,2004,4.80435
Jamaica,JAM,2005,4.54582
Jamaica,JAM,2006,4.20788
Jamaica,JAM,2007,5.32058
Jamaica,JAM,2008,5.61143
Jamaica,JAM,2009,5.14654
Jamaica,JAM,2010,5.29519
Jamaica,JAM,2011,5.23845
Jamaica,JAM,2012,4.88513
Jamaica,JAM,2013,4.95443
Jamaica,JAM,2014,5.16564
Jamaica,JAM,2015,5.6247
Jamaica,JAM,2016,5.70102
Jamaica,JAM,2017,6.14859
Jamaica,JAM,2018,5.96799
Jamaica,JAM,2019,6.09761
Jamaica,JAM,2020,6.6258
Jamaica,JAM,2021,7.18521
Jamaica,JAM,2022,7.77706
Japan,JPN,2000,7.03456
Japan,JPN,2001,7.23948
Japan,JPN,2002,7.35235
Japan,JPN,2003,7.48655
Japan,JPN,2004,7.53518
Japan,JPN,2005,7.65819
Japan,JPN,2006,7.68689
Japan,JPN,2007,7.77936
Japan,JPN,2008,8.08909
Japan,JPN,2009,8.95878
Japan,JPN,2010,9.06301
Japan,JPN,2011,10.4878
Japan,JPN,2012,10.67169
Japan,JPN,2013,10.67439
Japan,JPN,2014,10.72901
Japan,JPN,2015,10.7497
Japan,JPN,2016,10.65892
Japan,JPN,2017,10.65627
Japan,JPN,2018,10.73988
Japan,JPN,2019,10.96998
Japan,JPN,2020,11.20904
Japan,JPN,2021,11.18997
Japan,JPN,2022,11.42184
Jordan,JOR,2000,9.34368
Jordan,JOR,2001,9.57236
Jordan,JOR,2002,9.27864
Jordan,JOR,2003,8.78901
Jordan,JOR,2004,8.74671
Jordan,JOR,2005,8.49442
Jordan,JOR,2006,7.67926
Jordan,JOR,2007,7.90983
Jordan,JOR,2008,8.48881
Jordan,JOR,2009,9.22397
Jordan,JOR,2010,8.17026
Jordan,JOR,2011,8.14808
Jordan,JOR,2012,7.818
Jordan,JOR,2013,7.16592
Jordan,JOR,2014,7.20893
Jordan,JOR,2015,7.46096
Jordan,JOR,2016,6.97644
Jordan,JOR,2017,7.10954
Jordan,JOR,2018,6.98295
Jordan,JOR,2019,7.07245
Jordan,JOR,2020,7.11578
Jordan,JOR,2021,7.20183
Jordan,JOR,2022,6.8282
Kazakhstan,KAZ,2000,4.16032
Kazakhstan,KAZ,2001,3.47098
Kazakhstan,KAZ,2002,3.61481
Kazakhstan,KAZ,2003,3.72335
Kazakhstan,KAZ,2004,3.98308
Kazakhstan,KAZ,2005,3.90173
Kazakhstan,KAZ,2006,3.39825
Kazakhstan,KAZ,2007,2.70315
Kazakhstan,KAZ,2008,3.0257
Kazakhstan,KAZ,2009,3.47356
Kazakhstan,KAZ,2010,2.73641
Kazakhstan,KAZ,2011,2.60237
Kazakhstan,KAZ,2012,3.03726
Kazakhstan,KAZ,2013,2.66287
Kazakhstan,KAZ,2014,2.97468
Kazakhstan,KAZ,2015,3.04051
Kazakhstan,KAZ,2016,3.42236
Kazakhstan,KAZ,2017,3.05244
Kazakhstan,KAZ,2018,2.81786
Kazakhstan,KAZ,2019,2.78746
Kazakhstan,KAZ,2020,3.75301
Kazakhstan,KAZ,2021,3.92459
Kazakhstan,KAZ,2022,3.74027
Kenya,KEN,2000,3.62447
Kenya,KEN,2001,3.73997
Kenya,KEN,2002,3.82154
Kenya,KEN,2003,4.0336
Kenya,KEN,2004,4.21154
Kenya,KEN,2005,4.21736
Kenya,KEN,2006,5.01338
Kenya,KEN,2007,5.12352
Kenya,KEN,2008,5.19044
Kenya,KEN,2009,5.29173
Kenya,KEN,2010,5.3885
Kenya,KEN,2011,5.20213
Kenya,KEN,2012,5.01806
Kenya,KEN,2013,4.931
Kenya,KEN,2014,4.91267
Kenya,KEN,2015,4.7644
Kenya,KEN,2016,4.75429
Kenya,KEN,2017,3.98598
Kenya,KEN,2018,4.09903
Kenya,KEN,2019,4.36875
Kenya,KEN,2020,4.49249
Kenya,KEN,2021,4.56525
Kenya,KEN,2022,4.32604
Kiribati,KIR,2000,7.7738
Kiribati,KIR,2001,11.90548
Kiribati,KIR,2002,11.44029
Kiribati,KIR,2003,10.05061
Kiribati,KIR,2004,12.17176
Kiribati,KIR,2005,11.36302
Kiribati,KIR,2006,11.30852
Kiribati,KIR,2007,10.94545
Kiribati,KIR,2008,13.51429
Kiribati,KIR,2009,12.73889
Kiribati,KIR,2010,8.76667
Kiribati,KIR,2011,7.98947
Kiribati,KIR,2012,7.95
Kiribati,KIR,2013,8.70813
Kiribati,KIR,2014,8.95496
Kiribati,KIR,2015,7.21569
Kiribati,KIR,2016,9.04265
Kiribati,KIR,2017,9.68424
Kiribati,KIR,2018,10.89694
Kiribati,KIR,2019,10.166
Kiribati,KIR,2020,13.53
Kiribati,KIR,2021,11.654
Kiribati,KIR,2022,10.49855
Kuwait,KWT,2000,2.20363
Kuwait,KWT,2001,3.1872
Kuwait,KWT,2002,3.12442
Kuwait,KWT,2003,2.76043
Kuwait,KWT,2004,2.35702
Kuwait,KWT,2005,2.01331
Kuwait,KWT,2006,1.82131
Kuwait,KWT,2007,1.92674
Kuwait,KWT,2008,1.924
Kuwait,KWT,2009,2.70639
Kuwait,KWT,2010,2.6788
Kuwait,KWT,2011,2.33304
Kuwait,KWT,2012,2.33311
Kuwait,KWT,2013,2.48789
Kuwait,KWT,2014,2.916
Kuwait,KWT,2015,4.21498
Kuwait,KWT,2016,4.73096
Kuwait,KWT,2017,4.65327
Kuwait,KWT,2018,5.18863
Kuwait,KWT,2019,5.26273
Kuwait,KWT,2020,6.23488
Kuwait,KWT,2021,5.50188
Kuwait,KWT,2022,4.26876
Kyrgyzstan,KGZ,2000,4.41415
Kyrgyzstan,KGZ,2001,4.27703
Kyrgyzstan,KGZ,2002,4.5922
Kyrgyzstan,KGZ,2003,5.82382
Kyrgyzstan,KGZ,2004,6.20281
Kyrgyzstan,KGZ,2005,7.45011
Kyrgyzstan,KGZ,2006,8.31184
Kyrgyzstan,KGZ,2007,6.93211
Kyrgyzstan,KGZ,2008,6.52512
Kyrgyzstan,KGZ,2009,6.89873
Kyrgyzstan,KGZ,2010,6.95027
Kyrgyzstan,KGZ,2011,7.10729
Kyrgyzstan,KGZ,2012,8.50966
Kyrgyzstan,KGZ,2013,8.18745
Kyrgyzstan,KGZ,2014,7.35766
Kyrgyzstan,KGZ,2015,7.14931
Kyrgyzstan,KGZ,2016,6.41248
Kyrgyzstan,KGZ,2017,6.18586
Kyrgyzstan,KGZ,2018,5.01031
Kyrgyzstan,KGZ,2019,4.25462
Kyrgyzstan,KGZ,2020,4.94804
Kyrgyzstan,KGZ,2021,5.35275
Kyrgyzstan,KGZ,2022,4.92259
Laos,LAO,2000,4.27514
Laos,LAO,2001,4.29032
Laos,LAO,2002,3.69751
Laos,LAO,2003,4.47921
Laos,LAO,2004,3.54057
Laos,LAO,2005,3.33673
Laos,LAO,2006,2.93201
Laos,LAO,2007,3.12986
Laos,LAO,2008,2.76727
Laos,LAO,2009,3.463
Laos,LAO,2010,2.91155
Laos,LAO,2011,1.94458
Laos,LAO,2012,2.07638
Laos,LAO,2013,2.39985
Laos,LAO,2014,2.29846
Laos,LAO,2015,2.45366
Laos,LAO,2016,2.36087
Laos,LAO,2017,2.52607
Laos,LAO,2018,2.2463
Laos,LAO,2019,2.60312
Laos,LAO,2020,2.05965
Laos,LAO,2021,2.74392
Laos,LAO,2022,2.01825
Latvia,LVA,2000,5.43338
Latvia,LVA,2001,5.77004
Latvia,LVA,2002,5.76281
Latvia,LVA,2003,5.47935
Latvia,LVA,2004,6.20221
Latvia,LVA,2005,5.83247
Latvia,LVA,2006,5.70438
Latvia,LVA,2007,5.5135
Latvia,LVA,2008,5.58478
Latvia,LVA,2009,6.09759
Latvia,LVA,2010,6.09744
Latvia,LVA,2011,5.72401
Latvia,LVA,2012,5.41048
Latvia,LVA,2013,5.40875
Latvia,LVA,2014,5.4634
Latvia,LVA,2015,5.65212
Latvia,LVA,2016,6.13326
Latvia,LVA,2017,5.96543
Latvia,LVA,2018,6.18868
Latvia,LVA,2019,6.63697
Latvia,LVA,2020,7.28521
Latvia,LVA,2021,9.10995
Latvia,LVA,2022,7.62168
Lebanon,LBN,2000,10.82951
Lebanon,LBN,2001,10.56255
Lebanon,LBN,2002,9.28234
Lebanon,LBN,2003,8.6711
Lebanon,LBN,2004,7.99923
Lebanon,LBN,2005,7.54868
Lebanon,LBN,2006,8.66058
Lebanon,LBN,2007,8.55984
Lebanon,LBN,2008,7.81752
Lebanon,LBN,2009,7.00736
Lebanon,LBN,2010,7.43864
Lebanon,LBN,2011,8.17744
Lebanon,LBN,2012,7.0042
Lebanon,LBN,2013,7.06742
Lebanon,LBN,2014,7.52181
Lebanon,LBN,2015,7.41597
Lebanon,LBN,2016,7.92386
Lebanon,LBN,2017,7.80397
Lebanon,LBN,2018,8.07092
Lebanon,LBN,2019,8.69368
Lebanon,LBN,2020,7.57651
Lebanon,LBN,2021,4.85635
Lebanon,LBN,2022,5.735
Lesotho,LSO,2000,5.15633
Lesotho,LSO,2001,6.59076
Lesotho,LSO,2002,5.86442
Lesotho,LSO,2003,5.33755
Lesotho,LSO,2004,5.24659
Lesotho,LSO,2005,4.67453
Lesotho,LSO,2006,5.40532
Lesotho,LSO,2007,7.22252
Lesotho,LSO,2008,7.66648
Lesotho,LSO,2009,8.95298
Lesotho,LSO,2010,7.64084
Lesotho,LSO,2011,9.07555
Lesotho,LSO,2012,10.04389
Lesotho,LSO,2013,10.99587
Lesotho,LSO,2014,9.99925
Lesotho,LSO,2015,9.2966
Lesotho,LSO,2016,9.24264
Lesotho,LSO,2017,10.57478
Lesotho,LSO,2018,11.1686
Lesotho,LSO,2019,21.96987
Lesotho,LSO,2020,10.45941
Lesotho,LSO,2021,10.8137
Lesotho,LSO,2022,12.65128
Liberia,LBR,2000,2.87913
Liberia,LBR,2001,2.27907
Liberia,LBR,2002,2.28036
Liberia,LBR,2003,2.66177
Liberia,LBR,2004,6.33816
Liberia,LBR,2005,7.14322
Liberia,LBR,2006,6.06892
Liberia,LBR,2007,4.32794
Liberia,LBR,2008,5.99616
Liberia,LBR,2009,11.57164
Liberia,LBR,2010,10.35445
Liberia,LBR,2011,9.71053
Liberia,LBR,2012,8.15445
Liberia,LBR,2013,7.08146
Liberia,LBR,2014,8.76284
Liberia,LBR,2015,10.4595
Liberia,LBR,2016,9.88515
Liberia,LBR,2017,10.44922
Liberia,LBR,2018,10.78197
Liberia,LBR,2019,8.38326
Liberia,LBR,2020,12.90504
Liberia,LBR,2021,13.83844
Liberia,LBR,2022,13.47386
Libya,LBY,2000,3.31909
Libya,LBY,2001,3.92572
Libya,LBY,2002,4.73818
Libya,LBY,2003,3.97301
Libya,LBY,2004,3.38328
Libya,LBY,2005,2.51707
Libya,LBY,2006,2.29996
Libya,LBY,2007,2.4193
Libya,LBY,2008,2.24442
Libya,LBY,2009,3.58288
Libya,LBY,2010,3.28064
Libya,LBY,2011,4.01902
Libya,LBY,2012,3.95612
Libya,LBY,2013,4.97549
Libya,LBY,2014,5.17778
Libya,LBY,2015,5.80639
Libya,LBY,2016,6.17179
Libya,LBY,2017,4.67685
Libya,LBY,2018,4.86648
Libya,LBY,2019,5.54773
Libya,LBY,2020,7.10674
Libya,LBY,2021,6.21384
Libya,LBY,2022,4.65006
Lithuania,LTU,2000,6.1995
Lithuania,LTU,2001,6.0134
Lithuania,LTU,2002,6.14446
Lithuania,LTU,2003,6.18628
Lithuania,LTU,2004,5.5115
Lithuania,LTU,2005,5.648
Lithuania,LTU,2006,5.84418
Lithuania,LTU,2007,5.76432
Lithuania,LTU,2008,6.29454
Lithuania,LTU,2009,7.36587
Lithuania,LTU,2010,6.81462
Lithuania,LTU,2011,6.48782
Lithuania,LTU,2012,6.27593
Lithuania,LTU,2013,6.12594
Lithuania,LTU,2014,6.19333
Lithuania,LTU,2015,6.49044
Lithuania,LTU,2016,6.63746
Lithuania,LTU,2017,6.44446
Lithuania,LTU,2018,6.53039
Lithuania,LTU,2019,6.98445
Lithuania,LTU,2020,7.4744
Lithuania,LTU,2021,7.7597
Lithuania,LTU,2022,7.24335
Luxembourg,LUX,2000,5.92534
Luxembourg,LUX,2001,6.38194
Luxembourg,LUX,2002,6.761
Luxembourg,LUX,2003,6.96221
Luxembourg,LUX,2004,7.27934
Luxembourg,LUX,2005,7.12328
Luxembourg,LUX,2006,6.63642
Luxembourg,LUX,2007,6.15803
Luxembourg,LUX,2008,6.23101
Luxembourg,LUX,2009,6.94993
Luxembourg,LUX,2010,6.66263
Luxembourg,LUX,2011,5.95225
Luxembourg,LUX,2012,5.29404
Luxembourg,LUX,2013,5.23557
Luxembourg,LUX,2014,5.23041
Luxembourg,LUX,2015,5.08114
Luxembourg,LUX,2016,5.07104
Luxembourg,LUX,2017,5.13535
Luxembourg,LUX,2018,5.27989
Luxembourg,LUX,2019,5.46496
Luxembourg,LUX,2020,5.76488
Luxembourg,LUX,2021,5.66066
Luxembourg,LUX,2022,5.55155
Madagascar,MDG,2000,3.99178
Madagascar,MDG,2001,4.11514
Madagascar,MDG,2002,4.92548
Madagascar,MDG,2003,5.00277
Madagascar,MDG,2004,5.2509
Madagascar,MDG,2005,5.21558
Madagascar,MDG,2006,5.07204
Madagascar,MDG,2007,4.60866
Madagascar,MDG,2008,4.08112
Madagascar,MDG,2009,4.3847
Madagascar,MDG,2010,4.69763
Madagascar,MDG,2011,4.5216
Madagascar,MDG,2012,3.91106
Madagascar,MDG,2013,3.75156
Madagascar,MDG,2014,4.4624
Madagascar,MDG,2015,5.00625
Madagascar,MDG,2016,5.33249
Madagascar,MDG,2017,4.80226
Madagascar,MDG,2018,4.2216
Madagascar,MDG,2019,3.10129
Madagascar,MDG,2020,3.72316
Madagascar,MDG,2021,3.50452
Madagascar,MDG,2022,3.25023
Malawi,MWI,2000,2.35248
Malawi,MWI,2001,2.0604
Malawi,MWI,2002,2.69726
Malawi,MWI,2003,3.3202
Malawi,MWI,2004,4.072
Malawi,MWI,2005,4.30047
Malawi,MWI,2006,4.91223
Malawi,MWI,2007,5.44258
Malawi,MWI,2008,6.10669
Malawi,MWI,2009,5.87334
Malawi,MWI,2010,5.14305
Malawi,MWI,2011,5.32227
Malawi,MWI,2012,6.022
Malawi,MWI,2013,8.22379
Malawi,MWI,2014,6.89776
Malawi,MWI,2015,6.62879
Malawi,MWI,2016,7.72704
Malawi,MWI,2017,7.58439
Malawi,MWI,2018,6.8825
Malawi,MWI,2019,6.37022
Malawi,MWI,2020,7.17979
Malawi,MWI,2021,7.62816
Malawi,MWI,2022,6.50024
Malaysia,MYS,2000,2.51463
Malaysia,MYS,2001,2.6754
Malaysia,MYS,2002,2.66877
Malaysia,MYS,2003,2.92417
Malaysia,MYS,2004,2.86017
Malaysia,MYS,2005,2.78693
Malaysia,MYS,2006,3.10898
Malaysia,MYS,2007,3.07041
Malaysia,MYS,2008,3.00693
Malaysia,MYS,2009,3.26106
Malaysia,MYS,2010,3.16474
Malaysia,MYS,2011,3.31452
Malaysia,MYS,2012,3.45786
Malaysia,MYS,2013,3.51277
Malaysia,MYS,2014,3.71037
Malaysia,MYS,2015,3.82201
Malaysia,MYS,2016,3.70085
Malaysia,MYS,2017,3.71472
Malaysia,MYS,2018,3.75944
Malaysia,MYS,2019,3.83991
Malaysia,MYS,2020,4.08254
Malaysia,MYS,2021,4.37382
Malaysia,MYS,2022,3.90592
Maldives,MDV,2000,7.73656
Maldives,MDV,2001,8.21365
Maldives,MDV,2002,8.7844
Maldives,MDV,2003,6.77858
Maldives,MDV,2004,7.48357
Maldives,MDV,2005,8.82753
Maldives,MDV,2006,8.04819
Maldives,MDV,2007,8.30568
Maldives,MDV,2008,11.47104
Maldives,MDV,2009,10.09288
Maldives,MDV,2010,8.48759
Maldives,MDV,2011,7.92252
Maldives,MDV,2012,8.67305
Maldives,MDV,2013,8.15509
Maldives,MDV,2014,7.91345
Maldives,MDV,2015,8.72546
Maldives,MDV,2016,10.30545
Maldives,MDV,2017,9.26918
Maldives,MDV,2018,7.43628
Maldives,MDV,2019,7.65846
Maldives,MDV,2020,11.3366
Maldives,MDV,2021,10.09612
Maldives,MDV,2022,9.65276
Mali,MLI,2000,5.46632
Mali,MLI,2001,4.51951
Mali,MLI,2002,4.99774
Mali,MLI,2003,5.0506
Mali,MLI,2004,5.21768
Mali,MLI,2005,5.19517
Mali,MLI,2006,5.45589
Mali,MLI,2007,5.25303
Mali,MLI,2008,5.02687
Mali,MLI,2009,5.21224
Mali,MLI,2010,4.67865
Mali,MLI,2011,4.01484
Mali,MLI,2012,3.75216
Mali,MLI,2013,3.96751
Mali,MLI,2014,4.48158
Mali,MLI,2015,4.11143
Mali,MLI,2016,3.77378
Mali,MLI,2017,3.67426
Mali,MLI,2018,3.7325
Mali,MLI,2019,3.82944
Mali,MLI,2020,3.47598
Mali,MLI,2021,3.4665
Mali,MLI,2022,3.67285
Malta,MLT,2000,6.57309
Malta,MLT,2001,6.99986
Malta,MLT,2002,7.70662
Malta,MLT,2003,7.89556
Malta,MLT,2004,8.04821
Malta,MLT,2005,8.66397
Malta,MLT,2006,8.80992
Malta,MLT,2007,8.16883
Malta,MLT,2008,7.86336
Malta,MLT,2009,7.92383
Malta,MLT,2010,7.95211
Malta,MLT,2011,8.44814
Malta,MLT,2012,8.37803
Malta,MLT,2013,8.49666
Malta,MLT,2014,9.08505
Malta,MLT,2015,8.8976
Malta,MLT,2016,8.96601
Malta,MLT,2017,8.73093
Malta,MLT,2018,8.50738
Malta,MLT,2019,9.07641
Malta,MLT,2020,10.60138
Malta,MLT,2021,10.36362
Malta,MLT,2022,9.52377
Marshall Islands,MHL,2000,13.52468
Marshall Islands,MHL,2001,11.28137
Marshall Islands,MHL,2002,12.06635
Marshall Islands,MHL,2003,13.33243
Marshall Islands,MHL,2004,14.15128
Marshall Islands,MHL,2005,18.45293
Marshall Islands,MHL,2006,22.29855
Marshall Islands,MHL,2007,16.82522
Marshall Islands,MHL,2008,19.10963
Marshall Islands,MHL,2009,18.72929
Marshall Islands,MHL,2010,17.84438
Marshall Islands,MHL,2011,11.35905
Marshall Islands,MHL,2012,11.72633
Marshall Islands,MHL,2013,12.13685
Marshall Islands,MHL,2014,12.11
Marshall Islands,MHL,2015,14.86288
Marshall Islands,MHL,2016,14.70094
Marshall Islands,MHL,2017,12.08144
Marshall Islands,MHL,2018,14.5333
Marshall Islands,MHL,2019,15.05456
Marshall Islands,MHL,2020,12.17444
Marshall Islands,MHL,2021,12.54099
Marshall Islands,MHL,2022,11.73604
Mauritania,MRT,2000,3.37825
Mauritania,MRT,2001,3.57184
Mauritania,MRT,2002,4.00225
Mauritania,MRT,2003,4.03255
Mauritania,MRT,2004,3.70429
Mauritania,MRT,2005,3.40313
Mauritania,MRT,2006,2.70253
Mauritania,MRT,2007,2.87644
Mauritania,MRT,2008,3.01339
Mauritania,MRT,2009,3.11034
Mauritania,MRT,2010,2.63619
Mauritania,MRT,2011,2.47384
Mauritania,MRT,2012,2.64919
Mauritania,MRT,2013,2.868
Mauritania,MRT,2014,3.46724
Mauritania,MRT,2015,3.67364
Mauritania,MRT,2016,3.187
Mauritania,MRT,2017,3.41948
Mauritania,MRT,2018,2.88363
Mauritania,MRT,2019,3.09177
Mauritania,MRT,2020,3.00148
Mauritania,MRT,2021,3.78023
Mauritania,MRT,2022,4.4839
Mauritius,MUS,2000,2.85735
Mauritius,MUS,2001,2.92152
Mauritius,MUS,2002,3.18897
Mauritius,MUS,2003,3.18202
Mauritius,MUS,2004,3.31653
Mauritius,MUS,2005,3.51794
Mauritius,MUS,2006,3.60574
Mauritius,MUS,2007,3.52322
Mauritius,MUS,2008,3.93897
Mauritius,MUS,2009,4.17036
Mauritius,MUS,2010,4.51898
Mauritius,MUS,2011,4.2506
Mauritius,MUS,2012,4.21993
Mauritius,MUS,2013,4.62082
Mauritius,MUS,2014,5.38025
Mauritius,MUS,2015,5.55042
Mauritius,MUS,2016,5.5429
Mauritius,MUS,2017,5.59857
Mauritius,MUS,2018,5.6031
Mauritius,MUS,2019,5.69508
Mauritius,MUS,2020,6.09606
Mauritius,MUS,2021,6.61608
Mauritius,MUS,2022,5.82382
Mexico,MEX,2000,4.24437
Mexico,MEX,2001,4.58201
Mexico,MEX,2002,4.83043
Mexico,MEX,2003,5.53979
Mexico,MEX,2004,5.6835
Mexico,MEX,2005,5.5811
Mexico,MEX,2006,5.40648
Mexico,MEX,2007,5.50668
Mexico,MEX,2008,5.44587
Mexico,MEX,2009,5.84786
Mexico,MEX,2010,5.48973
Mexico,MEX,2011,5.30093
Mexico,MEX,2012,5.4214
Mexico,MEX,2013,5.57733
Mexico,MEX,2014,5.35337
Mexico,MEX,2015,5.52739
Mexico,MEX,2016,5.38499
Mexico,MEX,2017,5.31179
Mexico,MEX,2018,5.23821
Mexico,MEX,2019,5.29686
Mexico,MEX,2020,6.05374
Mexico,MEX,2021,5.89244
Mexico,MEX,2022,5.72145
Micronesia (country),FSM,2000,7.8664
Micronesia (country),FSM,2001,8.63168
Micronesia (country),FSM,2002,8.02993
Micronesia (country),FSM,2003,9.73037
Micronesia (country),FSM,2004,12.23101
Micronesia (country),FSM,2005,18.02141
Micronesia (country),FSM,2006,17.9638
Micronesia (country),FSM,2007,17.86092
Micronesia (country),FSM,2008,18.93289
Micronesia (country),FSM,2009,19.33614
Micronesia (country),FSM,2010,21.48779
Micronesia (country),FSM,2011,13.31436
Micronesia (country),FSM,2012,12.42914
Micronesia (country),FSM,2013,12.25674
Micronesia (country),FSM,2014,11.9103
Micronesia (country),FSM,2015,12.70485
Micronesia (country),FSM,2016,13.41605
Micronesia (country),FSM,2017,12.46886
Micronesia (country),FSM,2018,11.96552
Micronesia (country),FSM,2019,11.89308
Micronesia (country),FSM,2020,12.01538
Micronesia (country),FSM,2021,11.41322
Micronesia (country),FSM,2022,10.3447
Moldova,MDA,2000,5.92687
Moldova,MDA,2001,6.2345
Moldova,MDA,2002,7.40438
Moldova,MDA,2003,7.02228
Moldova,MDA,2004,8.97115
Moldova,MDA,2005,9.55815
Moldova,MDA,2006,10.54445
Moldova,MDA,2007,11.02067
Moldova,MDA,2008,10.9492
Moldova,MDA,2009,13.67662
Moldova,MDA,2010,10.13113
Moldova,MDA,2011,9.0967
Moldova,MDA,2012,9.13962
Moldova,MDA,2013,8.683
Moldova,MDA,2014,8.63276
Moldova,MDA,2015,8.55764
Moldova,MDA,2016,7.53552
Moldova,MDA,2017,7.1278
Moldova,MDA,2018,6.7076
Moldova,MDA,2019,6.49662
Moldova,MDA,2020,7.00484
Moldova,MDA,2021,7.74904
Moldova,MDA,2022,6.96505
Monaco,MCO,2000,3.69518
Monaco,MCO,2001,3.75391
Monaco,MCO,2002,3.8086
Monaco,MCO,2003,4.43206
Monaco,MCO,2004,4.52467
Monaco,MCO,2005,4.5032
Monaco,MCO,2006,4.29525
Monaco,MCO,2007,3.81156
Monaco,MCO,2008,4.08358
Monaco,MCO,2009,4.84196
Monaco,MCO,2010,4.95792
Monaco,MCO,2011,4.63501
Monaco,MCO,2012,4.75585
Monaco,MCO,2013,4.57342
Monaco,MCO,2014,4.44085
Monaco,MCO,2015,4.31545
Monaco,MCO,2016,4.12467
Monaco,MCO,2017,4.15852
Monaco,MCO,2018,4.04578
Monaco,MCO,2019,3.87727
Monaco,MCO,2020,4.2793
Monaco,MCO,2021,3.67252
Monaco,MCO,2022,3.3978
Mongolia,MNG,2000,6.07605
Mongolia,MNG,2001,5.4424
Mongolia,MNG,2002,5.49191
Mongolia,MNG,2003,4.29769
Mongolia,MNG,2004,4.30204
Mongolia,MNG,2005,3.86456
Mongolia,MNG,2006,3.74972
Mongolia,MNG,2007,4.07523
Mongolia,MNG,2008,4.55693
Mongolia,MNG,2009,4.4598
Mongolia,MNG,2010,3.73946
Mongolia,MNG,2011,3.58612
Mongolia,MNG,2012,3.858
Mongolia,MNG,2013,4.08932
Mongolia,MNG,2014,4.2099
Mongolia,MNG,2015,4.23155
Mongolia,MNG,2016,4.58009
Mongolia,MNG,2017,4.33954
Mongolia,MNG,2018,4.53449
Mongolia,MNG,2019,4.49498
Mongolia,MNG,2020,4.66625
Mongolia,MNG,2021,7.21043
Mongolia,MNG,2022,8.8517
Montenegro,MNE,2011,7.96692
Montenegro,MNE,2012,8.2955
Montenegro,MNE,2013,8.47145
Montenegro,MNE,2014,8.00087
Montenegro,MNE,2015,9.02189
Montenegro,MNE,2016,8.63303
Montenegro,MNE,2017,7.98255
Montenegro,MNE,2018,8.34356
Montenegro,MNE,2019,8.32983
Montenegro,MNE,2020,11.42178
Montenegro,MNE,2021,10.55254
Montenegro,MNE,2022,10.92242
Morocco,MAR,2000,3.69305
Morocco,MAR,2001,3.81601
Morocco,MAR,2002,4.06118
Morocco,MAR,2003,4.08038
Morocco,MAR,2004,4.23211
Morocco,MAR,2005,4.37351
Morocco,MAR,2006,4.56587
Morocco,MAR,2007,4.80759
Morocco,MAR,2008,4.83789
Morocco,MAR,2009,5.27312
Morocco,MAR,2010,5.41861
Morocco,MAR,2011,5.37019
Morocco,MAR,2012,5.39619
Morocco,MAR,2013,5.25541
Morocco,MAR,2014,5.41627
Morocco,MAR,2015,5.10436
Morocco,MAR,2016,5.09203
Morocco,MAR,2017,4.9892
Morocco,MAR,2018,4.94517
Morocco,MAR,2019,4.99531
Morocco,MAR,2020,5.59079
Morocco,MAR,2021,5.52272
Morocco,MAR,2022,5.68049
Mozambique,MOZ,2000,2.14253
Mozambique,MOZ,2001,2.80098
Mozambique,MOZ,2002,3.18653
Mozambique,MOZ,2003,3.25095
Mozambique,MOZ,2004,3.53063
Mozambique,MOZ,2005,4.21436
Mozambique,MOZ,2006,3.94559
Mozambique,MOZ,2007,3.79956
Mozambique,MOZ,2008,4.13497
Mozambique,MOZ,2009,5.05562
Mozambique,MOZ,2010,5.2925
Mozambique,MOZ,2011,4.92176
Mozambique,MOZ,2012,5.14036
Mozambique,MOZ,2013,6.04556
Mozambique,MOZ,2014,6.24013
Mozambique,MOZ,2015,6.60973
Mozambique,MOZ,2016,7.21502
Mozambique,MOZ,2017,7.80532
Mozambique,MOZ,2018,7.97903
Mozambique,MOZ,2019,7.90207
Mozambique,MOZ,2020,7.54172
Mozambique,MOZ,2021,8.86982
Mozambique,MOZ,2022,8.77718
Myanmar,MMR,2000,2.12591
Myanmar,MMR,2001,2.28926
Myanmar,MMR,2002,2.74706
Myanmar,MMR,2003,2.53689
Myanmar,MMR,2004,2.46973
Myanmar,MMR,2005,2.48262
Myanmar,MMR,2006,2.39884
Myanmar,MMR,2007,2.15582
Myanmar,MMR,2008,2.24655
Myanmar,MMR,2009,2.30063
Myanmar,MMR,2010,2.08368
Myanmar,MMR,2011,2.06552
Myanmar,MMR,2012,2.57933
Myanmar,MMR,2013,3.2941
Myanmar,MMR,2014,4.39346
Myanmar,MMR,2015,5.47781
Myanmar,MMR,2016,5.1135
Myanmar,MMR,2017,5.08066
Myanmar,MMR,2018,4.89992
Myanmar,MMR,2019,4.07903
Myanmar,MMR,2020,4.38808
Myanmar,MMR,2021,5.83599
Myanmar,MMR,2022,5.20476
Namibia,NAM,2000,9.24
Namibia,NAM,2001,9.64409
Namibia,NAM,2002,9.68075
Namibia,NAM,2003,9.91341
Namibia,NAM,2004,10.12623
Namibia,NAM,2005,10.08442
Namibia,NAM,2006,10.57087
Namibia,NAM,2007,10.71633
Namibia,NAM,2008,9.91801
Namibia,NAM,2009,9.04967
Namibia,NAM,2010,9.72781
Namibia,NAM,2011,9.83193
Namibia,NAM,2012,9.26659
Namibia,NAM,2013,9.06449
Namibia,NAM,2014,8.40891
Namibia,NAM,2015,9.9811
Namibia,NAM,2016,9.32232
Namibia,NAM,2017,8.72574
Namibia,NAM,2018,8.2861
Namibia,NAM,2019,8.39904
Namibia,NAM,2020,8.88723
Namibia,NAM,2021,9.33766
Namibia,NAM,2022,9.29636
Nauru,NRU,2000,18.96671
Nauru,NRU,2001,16.2233
Nauru,NRU,2002,13.80812
Nauru,NRU,2003,9.97444
Nauru,NRU,2004,6.8789
Nauru,NRU,2005,10.82082
Nauru,NRU,2006,12.41761
Nauru,NRU,2007,24.23069
Nauru,NRU,2008,23.00409
Nauru,NRU,2009,12.31576
Nauru,NRU,2010,12.6964
Nauru,NRU,2011,9.97124
Nauru,NRU,2012,8.84149
Nauru,NRU,2013,9.8501
Nauru,NRU,2014,8.38676
Nauru,NRU,2015,14.00562
Nauru,NRU,2016,10.9906
Nauru,NRU,2017,11.48864
Nauru,NRU,2018,11.1024
Nauru,NRU,2019,11.56156
Nauru,NRU,2020,11.5565
Nauru,NRU,2021,12.00061
Nauru,NRU,2022,18.17031
Nepal,NPL,2000,3.13292
Nepal,NPL,2001,3.8123
Nepal,NPL,2002,3.93863
Nepal,NPL,2003,3.85607
Nepal,NPL,2004,4.0463
Nepal,NPL,2005,3.95095
Nepal,NPL,2006,3.54402
Nepal,NPL,2007,3.67297
Nepal,NPL,2008,3.81756
Nepal,NPL,2009,3.9018
Nepal,NPL,2010,4.36132
Nepal,NPL,2011,4.4522
Nepal,NPL,2012,4.49079
Nepal,NPL,2013,4.63013
Nepal,NPL,2014,5.07549
Nepal,NPL,2015,5.46616
Nepal,NPL,2016,5.42379
Nepal,NPL,2017,4.72171
Nepal,NPL,2018,4.52808
Nepal,NPL,2019,4.44525
Nepal,NPL,2020,5.2081
Nepal,NPL,2021,5.32333
Nepal,NPL,2022,6.65589
Netherlands,NLD,2000,7.70696
Netherlands,NLD,2001,8.05946
Netherlands,NLD,2002,8.64913
Netherlands,NLD,2003,9.05657
Netherlands,NLD,2004,9.11076
Netherlands,NLD,2005,9.09667
Netherlands,NLD,2006,9.08055
Netherlands,NLD,2007,9.05293
Netherlands,NLD,2008,9.2766
Netherlands,NLD,2009,9.99293
Netherlands,NLD,2010,10.15509
Netherlands,NLD,2011,10.23358
Netherlands,NLD,2012,10.53899
Netherlands,NLD,2013,10.58364
Netherlands,NLD,2014,10.56704
Netherlands,NLD,2015,10.32394
Netherlands,NLD,2016,10.0568
Netherlands,NLD,2017,10.1083
Netherlands,NLD,2018,10.01994
Netherlands,NLD,2019,10.1404
Netherlands,NLD,2020,11.22356
Netherlands,NLD,2021,11.12491
Netherlands,NLD,2022,10.10068
New Zealand,NZL,2000,7.47002
New Zealand,NZL,2001,7.57894
New Zealand,NZL,2002,7.90046
New Zealand,NZL,2003,7.72169
New Zealand,NZL,2004,7.90091
New Zealand,NZL,2005,8.27335
New Zealand,NZL,2006,8.63842
New Zealand,NZL,2007,8.32904
New Zealand,NZL,2008,9.12383
New Zealand,NZL,2009,9.62076
New Zealand,NZL,2010,9.59278
New Zealand,NZL,2011,9.51987
New Zealand,NZL,2012,9.65164
New Zealand,NZL,2013,9.36019
New Zealand,NZL,2014,9.40168
New Zealand,NZL,2015,9.28344
New Zealand,NZL,2016,9.24379
New Zealand,NZL,2017,8.96988
New Zealand,NZL,2018,9.03811
New Zealand,NZL,2019,9.50997
New Zealand,NZL,2020,10.05994
New Zealand,NZL,2021,10.0194
New Zealand,NZL,2022,10.02858
Nicaragua,NIC,2000,5.23884
Nicaragua,NIC,2001,5.4846
Nicaragua,NIC,2002,5.73316
Nicaragua,NIC,2003,6.08318
Nicaragua,NIC,2004,6.0574
Nicaragua,NIC,2005,6.22469
Nicaragua,NIC,2006,6.35756
Nicaragua,NIC,2007,6.95643
Nicaragua,NIC,2008,7.16701
Nicaragua,NIC,2009,7.68584
Nicaragua,NIC,2010,7.71019
Nicaragua,NIC,2011,7.44982
Nicaragua,NIC,2012,7.48837
Nicaragua,NIC,2013,7.63869
Nicaragua,NIC,2014,7.97716
Nicaragua,NIC,2015,7.96303
Nicaragua,NIC,2016,8.04878
Nicaragua,NIC,2017,8.32754
Nicaragua,NIC,2018,8.49935
Nicaragua,NIC,2019,8.50037
Nicaragua,NIC,2020,8.58996
Nicaragua,NIC,2021,9.5925
Nicaragua,NIC,2022,8.95365
Niger,NER,2000,4.69006
Niger,NER,2001,4.75815
Niger,NER,2002,4.85897
Niger,NER,2003,4.77954
Niger,NER,2004,5.01119
Niger,NER,2005,5.67638
Niger,NER,2006,5.80891
Niger,NER,2007,5.38839
Niger,NER,2008,5.22304
Niger,NER,2009,5.33017
Niger,NER,2010,5.02161
Niger,NER,2011,4.87324
Niger,NER,2012,4.30733
Niger,NER,2013,4.46636
Niger,NER,2014,4.45377
Niger,NER,2015,5.34746
Niger,NER,2016,4.53239
Niger,NER,2017,5.5761
Niger,NER,2018,5.30311
Niger,NER,2019,5.66642
Niger,NER,2020,6.17008
Niger,NER,2021,5.81453
Niger,NER,2022,4.3526
Nigeria,NGA,2000,3.19738
Nigeria,NGA,2001,3.18947
Nigeria,NGA,2002,2.49064
Nigeria,NGA,2003,5.05361
Nigeria,NGA,2004,4.63368
Nigeria,NGA,2005,4.46592
Nigeria,NGA,2006,4.25775
Nigeria,NGA,2007,3.90997
Nigeria,NGA,2008,3.69582
Nigeria,NGA,2009,3.5802
Nigeria,NGA,2010,3.29653
Nigeria,NGA,2011,3.32078
Nigeria,NGA,2012,3.35984
Nigeria,NGA,2013,3.42069
Nigeria,NGA,2014,3.3484
Nigeria,NGA,2015,3.58195
Nigeria,NGA,2016,3.64774
Nigeria,NGA,2017,3.74763
Nigeria,NGA,2018,3.09069
Nigeria,NGA,2019,2.98547
Nigeria,NGA,2020,3.38063
Nigeria,NGA,2021,4.07626
Nigeria,NGA,2022,4.2709
Niue,NIU,2000,7.92566
Niue,NIU,2001,38.13646
Niue,NIU,2002,11.11293
Niue,NIU,2003,9.52666
Niue,NIU,2004,17.34155
Niue,NIU,2005,11.65405
Niue,NIU,2006,79.73293
Niue,NIU,2007,16.03421
Niue,NIU,2008,25.74439
Niue,NIU,2009,31.05099
Niue,NIU,2010,13.11418
Niue,NIU,2011,20.5048
Niue,NIU,2012,9.25663
Niue,NIU,2013,9.88617
Niue,NIU,2014,10.93091
Niue,NIU,2015,8.63624
Niue,NIU,2016,7.62228
Niue,NIU,2017,8.51659
Niue,NIU,2018,7.96713
Niue,NIU,2019,7.23629
Niue,NIU,2020,9.13783
Niue,NIU,2021,15.08219
Niue,NIU,2022,18.28817
North Macedonia,MKD,2000,8.86992
North Macedonia,MKD,2001,8.38159
North Macedonia,MKD,2002,8.97827
North Macedonia,MKD,2003,9.00858
North Macedonia,MKD,2004,8.46505
North Macedonia,MKD,2005,7.67908
North Macedonia,MKD,2006,7.38315
North Macedonia,MKD,2007,6.57065
North Macedonia,MKD,2008,6.55318
North Macedonia,MKD,2009,6.52846
North Macedonia,MKD,2010,6.7137
North Macedonia,MKD,2011,6.51887
North Macedonia,MKD,2012,6.61468
North Macedonia,MKD,2013,6.71928
North Macedonia,MKD,2014,6.28993
North Macedonia,MKD,2015,6.34228
North Macedonia,MKD,2016,6.37943
North Macedonia,MKD,2017,6.43909
North Macedonia,MKD,2018,6.45699
North Macedonia,MKD,2019,7.06654
North Macedonia,MKD,2020,7.73212
North Macedonia,MKD,2021,8.52403
North Macedonia,MKD,2022,7.62041
Norway,NOR,2000,7.70271
Norway,NOR,2001,8.00972
Norway,NOR,2002,8.98267
Norway,NOR,2003,9.19355
Norway,NOR,2004,8.79598
Norway,NOR,2005,8.299
Norway,NOR,2006,7.8823
Norway,NOR,2007,8.01674
Norway,NOR,2008,7.91508
Norway,NOR,2009,9.03254
Norway,NOR,2010,8.85812
Norway,NOR,2011,8.73474
Norway,NOR,2012,8.72189
Norway,NOR,2013,8.87431
Norway,NOR,2014,9.28298
Norway,NOR,2015,10.06992
Norway,NOR,2016,10.5305
Norway,NOR,2017,10.22984
Norway,NOR,2018,9.96038
Norway,NOR,2019,10.43808
Norway,NOR,2020,11.42416
Norway,NOR,2021,9.81426
Norway,NOR,2022,7.94803
Oman,OMN,2000,2.68485
Oman,OMN,2001,2.70074
Oman,OMN,2002,2.77737
Oman,OMN,2003,2.77524
Oman,OMN,2004,2.5966
Oman,OMN,2005,2.26479
Oman,OMN,2006,2.01985
Oman,OMN,2007,2.11371
Oman,OMN,2008,1.75568
Oman,OMN,2009,2.46946
Oman,OMN,2010,2.47589
Oman,OMN,2011,2.23611
Oman,OMN,2012,2.27703
Oman,OMN,2013,2.5054
Oman,OMN,2014,3.1374
Oman,OMN,2015,4.07826
Oman,OMN,2016,4.17581
Oman,OMN,2017,3.95419
Oman,OMN,2018,3.21469
Oman,OMN,2019,3.80649
Oman,OMN,2020,5.11923
Oman,OMN,2021,4.37028
Oman,OMN,2022,2.91622
Pakistan,PAK,2000,2.48079
Pakistan,PAK,2001,2.3396
Pakistan,PAK,2002,2.4222
Pakistan,PAK,2003,2.10399
Pakistan,PAK,2004,2.03666
Pakistan,PAK,2005,2.37324
Pakistan,PAK,2006,2.73132
Pakistan,PAK,2007,2.62371
Pakistan,PAK,2008,2.56807
Pakistan,PAK,2009,2.49996
Pakistan,PAK,2010,2.42968
Pakistan,PAK,2011,2.23121
Pakistan,PAK,2012,2.22185
Pakistan,PAK,2013,2.41648
Pakistan,PAK,2014,2.48899
Pakistan,PAK,2015,2.49493
Pakistan,PAK,2016,2.57026
Pakistan,PAK,2017,2.7863
Pakistan,PAK,2018,2.82845
Pakistan,PAK,2019,2.84737
Pakistan,PAK,2020,2.95273
Pakistan,PAK,2021,2.99016
Pakistan,PAK,2022,2.90434
Palau,PLW,2000,8.63729
Palau,PLW,2001,7.79659
Palau,PLW,2002,7.28691
Palau,PLW,2003,8.09579
Palau,PLW,2004,9.1348
Palau,PLW,2005,8.63174
Palau,PLW,2006,8.73999
Palau,PLW,2007,8.8371
Palau,PLW,2008,8.41378
Palau,PLW,2009,9.63057
Palau,PLW,2010,10.931
Palau,PLW,2011,9.94321
Palau,PLW,2012,10.24609
Palau,PLW,2013,10.92692
Palau,PLW,2014,10.66757
Palau,PLW,2015,9.76325
Palau,PLW,2016,10.01227
Palau,PLW,2017,10.90419
Palau,PLW,2018,11.06327
Palau,PLW,2019,12.14719
Palau,PLW,2020,13.3373
Palau,PLW,2021,14.62714
Palau,PLW,2022,14.28556
Palestine,PSE,2000,9.46541
Palestine,PSE,2001,10.31546
Palestine,PSE,2002,11.04674
Palestine,PSE,2003,9.55897
Palestine,PSE,2004,11.37929
Palestine,PSE,2005,10.99557
Palestine,PSE,2006,10.5024
Palestine,PSE,2007,9.58784
Palestine,PSE,2008,10.5261
Palestine,PSE,2009,10.76468
Palestine,PSE,2010,9.10499
Palestine,PSE,2011,11.34622
Palestine,PSE,2012,10.3011
Palestine,PSE,2013,10.44874
Palestine,PSE,2014,9.92016
Palestine,PSE,2015,9.28473
Palestine,PSE,2016,9.00399
Palestine,PSE,2017,9.12235
Palestine,PSE,2018,9.65618
Palestine,PSE,2019,9.18577
Palestine,PSE,2020,10.2761
Palestine,PSE,2021,10.43474
Palestine,PSE,2022,9.73336
Panama,PAN,2000,6.98487
Panama,PAN,2001,6.9185
Panama,PAN,2002,7.05644
Panama,PAN,2003,6.71177
Panama,PAN,2004,7.08193
Panama,PAN,2005,6.20667
Panama,PAN,2006,6.54605
Panama,PAN,2007,7.35228
Panama,PAN,2008,6.80453
Panama,PAN,2009,6.9858
Panama,PAN,2010,7.22333
Panama,PAN,2011,6.83196
Panama,PAN,2012,6.50451
Panama,PAN,2013,6.5221
Panama,PAN,2014,6.91532
Panama,PAN,2015,6.93699
Panama,PAN,2016,7.09378
Panama,PAN,2017,7.16493
Panama,PAN,2018,7.60133
Panama,PAN,2019,8.13542
Panama,PAN,2020,10.2163
Panama,PAN,2021,9.13571
Panama,PAN,2022,8.46561
Papua New Guinea,PNG,2000,2.01842
Papua New Guinea,PNG,2001,2.30064
Papua New Guinea,PNG,2002,2.77563
Papua New Guinea,PNG,2003,2.45315
Papua New Guinea,PNG,2004,2.59373
Papua New Guinea,PNG,2005,2.44874
Papua New Guinea,PNG,2006,2.426
Papua New Guinea,PNG,2007,2.42102
Papua New Guinea,PNG,2008,2.13526
Papua New Guinea,PNG,2009,2.32938
Papua New Guinea,PNG,2010,2.10756
Papua New Guinea,PNG,2011,2.29398
Papua New Guinea,PNG,2012,2.66694
Papua New Guinea,PNG,2013,2.99728
Papua New Guinea,PNG,2014,3.27119
Papua New Guinea,PNG,2015,1.81882
Papua New Guinea,PNG,2016,2.33063
Papua New Guinea,PNG,2017,2.22971
Papua New Guinea,PNG,2018,2.30052
Papua New Guinea,PNG,2019,2.32534
Papua New Guinea,PNG,2020,2.30194
Papua New Guinea,PNG,2021,2.33995
Papua New Guinea,PNG,2022,2.61825
Paraguay,PRY,2000,6.01865
Paraguay,PRY,2001,5.60816
Paraguay,PRY,2002,4.75771
Paraguay,PRY,2003,4.90704
Paraguay,PRY,2004,4.93224
Paraguay,PRY,2005,4.82935
Paraguay,PRY,2006,5.01928
Paraguay,PRY,2007,5.02043
Paraguay,PRY,2008,5.03776
Paraguay,PRY,2009,5.52497
Paraguay,PRY,2010,5.46594
Paraguay,PRY,2011,5.82226
Paraguay,PRY,2012,6.53145
Paraguay,PRY,2013,6.06428
Paraguay,PRY,2014,6.62719
Paraguay,PRY,2015,6.69166
Paraguay,PRY,2016,6.67557
Paraguay,PRY,2017,6.60903
Paraguay,PRY,2018,6.74498
Paraguay,PRY,2019,7.16082
Paraguay,PRY,2020,7.67533
Paraguay,PRY,2021,8.03277
Paraguay,PRY,2022,7.73804
Peru,PER,2000,4.41483
Peru,PER,2001,4.72161
Peru,PER,2002,4.93903
Peru,PER,2003,4.58704
Peru,PER,2004,4.42972
Peru,PER,2005,4.66599
Peru,PER,2006,4.40959
Peru,PER,2007,4.42611
Peru,PER,2008,4.53155
Peru,PER,2009,4.96265
Peru,PER,2010,4.71339
Peru,PER,2011,4.5338
Peru,PER,2012,4.7344
Peru,PER,2013,4.72346
Peru,PER,2014,4.93103
Peru,PER,2015,4.92147
Peru,PER,2016,4.91142
Peru,PER,2017,4.82783
Peru,PER,2018,5.09981
Peru,PER,2019,5.13816
Peru,PER,2020,6.36274
Peru,PER,2021,6.67921
Peru,PER,2022,6.09309
Philippines,PHL,2000,3.05512
Philippines,PHL,2001,2.84776
Philippines,PHL,2002,2.63767
Philippines,PHL,2003,3.07663
Philippines,PHL,2004,3.04685
Philippines,PHL,2005,3.74253
Philippines,PHL,2006,3.77763
Philippines,PHL,2007,3.75318
Philippines,PHL,2008,3.86316
Philippines,PHL,2009,4.16452
Philippines,PHL,2010,4.13108
Philippines,PHL,2011,4.02519
Philippines,PHL,2012,4.17709
Philippines,PHL,2013,4.27409
Philippines,PHL,2014,3.70314
Philippines,PHL,2015,3.89827
Philippines,PHL,2016,3.95484
Philippines,PHL,2017,3.96043
Philippines,PHL,2018,3.95382
Philippines,PHL,2019,4.16646
Philippines,PHL,2020,5.16214
Philippines,PHL,2021,5.97501
Philippines,PHL,2022,5.15676
Poland,POL,2000,5.2879
Poland,POL,2001,5.66721
Poland,POL,2002,6.06724
Poland,POL,2003,5.95371
Poland,POL,2004,5.86845
Poland,POL,2005,5.80689
Poland,POL,2006,5.80281
Poland,POL,2007,5.87339
Poland,POL,2008,6.37592
Poland,POL,2009,6.58771
Poland,POL,2010,6.46801
Poland,POL,2011,6.28672
Poland,POL,2012,6.26524
Poland,POL,2013,6.48017
Poland,POL,2014,6.4268
Poland,POL,2015,6.40416
Poland,POL,2016,6.5921
Poland,POL,2017,6.58343
Poland,POL,2018,6.31291
Poland,POL,2019,6.46008
Poland,POL,2020,6.49678
Poland,POL,2021,6.43858
Poland,POL,2022,6.39626
Portugal,PRT,2000,8.60104
Portugal,PRT,2001,8.62752
Portugal,PRT,2002,8.78643
Portugal,PRT,2003,9.12416
Portugal,PRT,2004,9.53251
Portugal,PRT,2005,9.65307
Portugal,PRT,2006,9.35423
Portugal,PRT,2007,9.25187
Portugal,PRT,2008,9.58308
Portugal,PRT,2009,10.1307
Portugal,PRT,2010,10.03251
Portugal,PRT,2011,9.73072
Portugal,PRT,2012,9.65393
Portugal,PRT,2013,9.40487
Portugal,PRT,2014,9.34288
Portugal,PRT,2015,9.31646
Portugal,PRT,2016,9.39439
Portugal,PRT,2017,9.30584
Portugal,PRT,2018,9.41265
Portugal,PRT,2019,9.5138
Portugal,PRT,2020,10.5477
Portugal,PRT,2021,11.12368
Portugal,PRT,2022,10.46883
Qatar,QAT,2000,1.97258
Qatar,QAT,2001,2.31971
Qatar,QAT,2002,2.46044
Qatar,QAT,2003,3.50257
Qatar,QAT,2004,3.18312
Qatar,QAT,2005,2.563
Qatar,QAT,2006,2.28806
Qatar,QAT,2007,2.07008
Qatar,QAT,2008,1.63775
Qatar,QAT,2009,2.38356
Qatar,QAT,2010,1.87018
Qatar,QAT,2011,1.59996
Qatar,QAT,2012,1.74822
Qatar,QAT,2013,2.0762
Qatar,QAT,2014,2.42294
Qatar,QAT,2015,3.63581
Qatar,QAT,2016,3.54971
Qatar,QAT,2017,3.21237
Qatar,QAT,2018,2.96176
Qatar,QAT,2019,3.18469
Qatar,QAT,2020,3.81872
Qatar,QAT,2021,2.89279
Qatar,QAT,2022,2.18112
Romania,ROU,2000,4.20876
Romania,ROU,2001,4.37598
Romania,ROU,2002,4.57695
Romania,ROU,2003,5.37137
Romania,ROU,2004,5.47734
Romania,ROU,2005,5.52778
Romania,ROU,2006,5.07106
Romania,ROU,2007,5.02223
Romania,ROU,2008,5.02274
Romania,ROU,2009,5.27841
Romania,ROU,2010,5.63999
Romania,ROU,2011,4.47528
Romania,ROU,2012,4.509
Romania,ROU,2013,5.22433
Romania,ROU,2014,5.0279
Romania,ROU,2015,4.94296
Romania,ROU,2016,5.08021
Romania,ROU,2017,5.18879
Romania,ROU,2018,5.51801
Romania,ROU,2019,5.71421
Romania,ROU,2020,6.22618
Romania,ROU,2021,6.46981
Romania,ROU,2022,5.74901
Russia,RUS,2000,5.0199
Russia,RUS,2001,5.24285
Russia,RUS,2002,5.52167
Russia,RUS,2003,5.16369
Russia,RUS,2004,4.76038
Russia,RUS,2005,4.77177
Russia,RUS,2006,4.76654
Russia,RUS,2007,4.74793
Russia,RUS,2008,4.90364
Russia,RUS,2009,5.64392
Russia,RUS,2010,4.97112
Russia,RUS,2011,4.79491
Russia,RUS,2012,4.93638
Russia,RUS,2013,5.08105
Russia,RUS,2014,5.1821
Russia,RUS,2015,5.29604
Russia,RUS,2016,5.2897
Russia,RUS,2017,5.3589
Russia,RUS,2018,5.35521
Russia,RUS,2019,5.64849
Russia,RUS,2020,8.04076
Russia,RUS,2021,6.97584
Russia,RUS,2022,6.91986
Rwanda,RWA,2000,3.57583
Rwanda,RWA,2001,3.316
Rwanda,RWA,2002,3.12787
Rwanda,RWA,2003,6.92889
Rwanda,RWA,2004,7.50857
Rwanda,RWA,2005,7.72469
Rwanda,RWA,2006,7.60938
Rwanda,RWA,2007,7.86269
Rwanda,RWA,2008,7.55979
Rwanda,RWA,2009,7.79959
Rwanda,RWA,2010,8.08193
Rwanda,RWA,2011,7.93242
Rwanda,RWA,2012,8.10223
Rwanda,RWA,2013,6.77398
Rwanda,RWA,2014,6.98472
Rwanda,RWA,2015,6.65067
Rwanda,RWA,2016,6.96089
Rwanda,RWA,2017,6.36653
Rwanda,RWA,2018,6.65483
Rwanda,RWA,2019,6.26709
Rwanda,RWA,2020,7.48697
Rwanda,RWA,2021,7.30378
Rwanda,RWA,2022,7.87921
Saint Kitts and Nevis,KNA,2000,4.79934
Saint Kitts and Nevis,KNA,2001,4.39694
Saint Kitts and Nevis,KNA,2002,4.45211
Saint Kitts and Nevis,KNA,2003,4.7516
Saint Kitts and Nevis,KNA,2004,4.49067
Saint Kitts and Nevis,KNA,2005,4.72804
Saint Kitts and Nevis,KNA,2006,4.98203
Saint Kitts and Nevis,KNA,2007,4.79733
Saint Kitts and Nevis,KNA,2008,5.30566
Saint Kitts and Nevis,KNA,2009,5.28674
Saint Kitts and Nevis,KNA,2010,5.21369
Saint Kitts and Nevis,KNA,2011,5.16289
Saint Kitts and Nevis,KNA,2012,5.01448
Saint Kitts and Nevis,KNA,2013,5.04857
Saint Kitts and Nevis,KNA,2014,4.75038
Saint Kitts and Nevis,KNA,2015,5.12591
Saint Kitts and Nevis,KNA,2016,5.42923
Saint Kitts and Nevis,KNA,2017,5.27126
Saint Kitts and Nevis,KNA,2018,4.89537
Saint Kitts and Nevis,KNA,2019,5.19051
Saint Kitts and Nevis,KNA,2020,5.66189
Saint Kitts and Nevis,KNA,2021,6.17942
Saint Kitts and Nevis,KNA,2022,5.56802
Saint Lucia,LCA,2000,4.8655
Saint Lucia,LCA,2001,5.12139
Saint Lucia,LCA,2002,5.38887
Saint Lucia,LCA,2003,5.2407
Saint Lucia,LCA,2004,4.76761
Saint Lucia,LCA,2005,4.8604
Saint Lucia,LCA,2006,5.12702
Saint Lucia,LCA,2007,5.54167
Saint Lucia,LCA,2008,5.09062
Saint Lucia,LCA,2009,5.24411
Saint Lucia,LCA,2010,5.1209
Saint Lucia,LCA,2011,5.07878
Saint Lucia,LCA,2012,4.92416
Saint Lucia,LCA,2013,5.0508
Saint Lucia,LCA,2014,4.62323
Saint Lucia,LCA,2015,4.5142
Saint Lucia,LCA,2016,4.44098
Saint Lucia,LCA,2017,4.368
Saint Lucia,LCA,2018,4.17934
Saint Lucia,LCA,2019,4.17376
Saint Lucia,LCA,2020,6.75984
Saint Lucia,LCA,2021,5.67881
Saint Lucia,LCA,2022,5.01938
Saint Vincent and the Grenadines,VCT,2000,3.97939
Saint Vincent and the Grenadines,VCT,2001,4.00093
Saint Vincent and the Grenadines,VCT,2002,4.0777
Saint Vincent and the Grenadines,VCT,2003,3.95765
Saint Vincent and the Grenadines,VCT,2004,3.86584
Saint Vincent and the Grenadines,VCT,2005,3.83166
Saint Vincent and the Grenadines,VCT,2006,3.65357
Saint Vincent and the Grenadines,VCT,2007,3.81817
Saint Vincent and the Grenadines,VCT,2008,3.88194
Saint Vincent and the Grenadines,VCT,2009,4.093
Saint Vincent and the Grenadines,VCT,2010,4.30325
Saint Vincent and the Grenadines,VCT,2011,4.23108
Saint Vincent and the Grenadines,VCT,2012,4.45042
Saint Vincent and the Grenadines,VCT,2013,4.24191
Saint Vincent and the Grenadines,VCT,2014,4.17632
Saint Vincent and the Grenadines,VCT,2015,4.11412
Saint Vincent and the Grenadines,VCT,2016,4.09574
Saint Vincent and the Grenadines,VCT,2017,4.22986
Saint Vincent and the Grenadines,VCT,2018,4.25346
Saint Vincent and the Grenadines,VCT,2019,4.25543
Saint Vincent and the Grenadines,VCT,2020,4.83958
Saint Vincent and the Grenadines,VCT,2021,5.36252
Saint Vincent and the Grenadines,VCT,2022,4.68768
Samoa,WSM,2000,4.28233
Samoa,WSM,2001,3.81805
Samoa,WSM,2002,4.49205
Samoa,WSM,2003,4.17237
Samoa,WSM,2004,4.52579
Samoa,WSM,2005,4.63365
Samoa,WSM,2006,4.88451
Samoa,WSM,2007,4.74463
Samoa,WSM,2008,4.53258
Samoa,WSM,2009,5.12732
Samoa,WSM,2010,5.15268
Samoa,WSM,2011,5.38357
Samoa,WSM,2012,4.98835
Samoa,WSM,2013,6.21824
Samoa,WSM,2014,6.25794
Samoa,WSM,2015,6.21438
Samoa,WSM,2016,5.63951
Samoa,WSM,2017,5.16347
Samoa,WSM,2018,4.77553
Samoa,WSM,2019,5.64749
Samoa,WSM,2020,6.18667
Samoa,WSM,2021,6.81256
Samoa,WSM,2022,6.30121
San Marino,SMR,2000,5.78768
San Marino,SMR,2001,5.64128
San Marino,SMR,2002,5.39156
San Marino,SMR,2003,4.772
San Marino,SMR,2004,4.86479
San Marino,SMR,2005,4.88684
San Marino,SMR,2006,4.91362
San Marino,SMR,2007,5.09587
San Marino,SMR,2008,5.41111
San Marino,SMR,2009,6.1841
San Marino,SMR,2010,6.20854
San Marino,SMR,2011,8.07073
San Marino,SMR,2012,8.98884
San Marino,SMR,2013,8.238
San Marino,SMR,2014,8.30092
San Marino,SMR,2015,8.43315
San Marino,SMR,2016,8.42195
San Marino,SMR,2017,8.25972
San Marino,SMR,2018,8.27785
San Marino,SMR,2019,8.14802
San Marino,SMR,2020,8.48147
San Marino,SMR,2021,7.51272
San Marino,SMR,2022,7.4065
Sao Tome and Principe,STP,2000,9.31893
Sao Tome and Principe,STP,2001,9.64002
Sao Tome and Principe,STP,2002,9.4986
Sao Tome and Principe,STP,2003,11.46527
Sao Tome and Principe,STP,2004,10.72118
Sao Tome and Principe,STP,2005,10.352
Sao Tome and Principe,STP,2006,7.1056
Sao Tome and Principe,STP,2007,7.00609
Sao Tome and Principe,STP,2008,5.97009
Sao Tome and Principe,STP,2009,5.75177
Sao Tome and Principe,STP,2010,5.80828
Sao Tome and Principe,STP,2011,5.6516
Sao Tome and Principe,STP,2012,7.073
Sao Tome and Principe,STP,2013,8.94061
Sao Tome and Principe,STP,2014,7.91452
Sao Tome and Principe,STP,2015,6.53227
Sao Tome and Principe,STP,2016,7.60212
Sao Tome and Principe,STP,2017,7.46631
Sao Tome and Principe,STP,2018,5.9196
Sao Tome and Principe,STP,2019,5.48079
Sao Tome and Principe,STP,2020,7.32044
Sao Tome and Principe,STP,2021,7.8589
Sao Tome and Principe,STP,2022,7.4642
Saudi Arabia,SAU,2000,4.21161
Saudi Arabia,SAU,2001,4.46175
Saudi Arabia,SAU,2002,4.24939
Saudi Arabia,SAU,2003,3.97911
Saudi Arabia,SAU,2004,3.58402
Saudi Arabia,SAU,2005,3.41868
Saudi Arabia,SAU,2006,3.61923
Saudi Arabia,SAU,2007,3.5623
Saudi Arabia,SAU,2008,2.97101
Saudi Arabia,SAU,2009,4.29044
Saudi Arabia,SAU,2010,3.64787
Saudi Arabia,SAU,2011,3.68218
Saudi Arabia,SAU,2012,3.98779
Saudi Arabia,SAU,2013,4.42293
Saudi Arabia,SAU,2014,5.15801
Saudi Arabia,SAU,2015,5.86203
Saudi Arabia,SAU,2016,6.24143
Saudi Arabia,SAU,2017,6.03126
Saudi Arabia,SAU,2018,5.34063
Saudi Arabia,SAU,2019,5.46744
Saudi Arabia,SAU,2020,6.6463
Saudi Arabia,SAU,2021,5.93034
Saudi Arabia,SAU,2022,4.62462
Senegal,SEN,2000,3.55015
Senegal,SEN,2001,3.68149
Senegal,SEN,2002,3.95294
Senegal,SEN,2003,4.29704
Senegal,SEN,2004,4.56856
Senegal,SEN,2005,3.67467
Senegal,SEN,2006,3.76338
Senegal,SEN,2007,3.41497
Senegal,SEN,2008,3.50688
Senegal,SEN,2009,3.84157
Senegal,SEN,2010,4.02764
Senegal,SEN,2011,4.21417
Senegal,SEN,2012,4.26688
Senegal,SEN,2013,4.38574
Senegal,SEN,2014,4.38962
Senegal,SEN,2015,4.3779
Senegal,SEN,2016,4.25607
Senegal,SEN,2017,4.16359
Senegal,SEN,2018,4.43182
Senegal,SEN,2019,4.49531
Senegal,SEN,2020,5.15119
Senegal,SEN,2021,4.44256
Senegal,SEN,2022,4.06358
Serbia,SRB,2000,6.18358
Serbia,SRB,2001,6.49677
Serbia,SRB,2002,7.59296
Serbia,SRB,2003,7.66696
Serbia,SRB,2004,7.842
Serbia,SRB,2005,8.28381
Serbia,SRB,2006,8.4939
Serbia,SRB,2007,9.37649
Serbia,SRB,2008,9.48246
Serbia,SRB,2009,9.34624
Serbia,SRB,2010,9.5273
Serbia,SRB,2011,9.1138
Serbia,SRB,2012,9.3282
Serbia,SRB,2013,9.31232
Serbia,SRB,2014,9.24599
Serbia,SRB,2015,8.8132
Serbia,SRB,2016,8.45891
Serbia,SRB,2017,8.22039
Serbia,SRB,2018,8.53168
Serbia,SRB,2019,8.66553
Serbia,SRB,2020,8.70042
Serbia,SRB,2021,10.00951
Serbia,SRB,2022,9.65743
Seychelles,SYC,2000,4.61072
Seychelles,SYC,2001,5.30533
Seychelles,SYC,2002,4.70597
Seychelles,SYC,2003,5.50939
Seychelles,SYC,2004,5.37754
Seychelles,SYC,2005,5.21991
Seychelles,SYC,2006,5.16842
Seychelles,SYC,2007,4.50417
Seychelles,SYC,2008,4.58248
Seychelles,SYC,2009,4.43327
Seychelles,SYC,2010,5.35168
Seychelles,SYC,2011,5.33888
Seychelles,SYC,2012,6.26213
Seychelles,SYC,2013,4.97012
Seychelles,SYC,2014,4.76224
Seychelles,SYC,2015,4.30914
Seychelles,SYC,2016,4.7135
Seychelles,SYC,2017,4.47661
Seychelles,SYC,2018,4.56916
Seychelles,SYC,2019,4.35729
Seychelles,SYC,2020,6.03122
Seychelles,SYC,2021,5.20266
Seychelles,SYC,2022,4.23752
Sierra Leone,SLE,2000,8.48962
Sierra Leone,SLE,2001,8.36565
Sierra Leone,SLE,2002,9.40314
Sierra Leone,SLE,2003,8.45331
Sierra Leone,SLE,2004,8.67061
Sierra Leone,SLE,2005,9.04396
Sierra Leone,SLE,2006,9.02353
Sierra Leone,SLE,2007,8.52284
Sierra Leone,SLE,2008,8.81158
Sierra Leone,SLE,2009,9.68422
Sierra Leone,SLE,2010,9.12688
Sierra Leone,SLE,2011,10.76754
Sierra Leone,SLE,2012,8.94355
Sierra Leone,SLE,2013,11.59018
Sierra Leone,SLE,2014,19.69005
Sierra Leone,SLE,2015,19.65816
Sierra Leone,SLE,2016,15.78851
Sierra Leone,SLE,2017,9.39976
Sierra Leone,SLE,2018,8.28988
Sierra Leone,SLE,2019,9.12993
Sierra Leone,SLE,2020,9.32589
Sierra Leone,SLE,2021,8.55334
Sierra Leone,SLE,2022,7.94752
Singapore,SGP,2000,3.34336
Singapore,SGP,2001,3.16303
Singapore,SGP,2002,3.35846
Singapore,SGP,2003,3.60699
Singapore,SGP,2004,3.1502
Singapore,SGP,2005,3.03368
Singapore,SGP,2006,2.93475
Singapore,SGP,2007,2.83749
Singapore,SGP,2008,3.19488
Singapore,SGP,2009,3.39371
Singapore,SGP,2010,3.19826
Singapore,SGP,2011,3.15392
Singapore,SGP,2012,3.32393
Singapore,SGP,2013,3.68225
Singapore,SGP,2014,3.87133
Singapore,SGP,2015,4.18061
Singapore,SGP,2016,4.35019
Singapore,SGP,2017,4.31882
Singapore,SGP,2018,4.01884
Singapore,SGP,2019,4.35299
Singapore,SGP,2020,5.61609
Singapore,SGP,2021,5.16691
Singapore,SGP,2022,4.89703
Slovakia,SVK,2000,5.30257
Slovakia,SVK,2001,5.33151
Slovakia,SVK,2002,5.50948
Slovakia,SVK,2003,5.4485
Slovakia,SVK,2004,6.3719
Slovakia,SVK,2005,6.5887
Slovakia,SVK,2006,6.85077
Slovakia,SVK,2007,7.17735
Slovakia,SVK,2008,6.95634
Slovakia,SVK,2009,7.94779
Slovakia,SVK,2010,7.66639
Slovakia,SVK,2011,7.29859
Slovakia,SVK,2012,7.53581
Slovakia,SVK,2013,7.49518
Slovakia,SVK,2014,6.88412
Slovakia,SVK,2015,6.76215
Slovakia,SVK,2016,7.09178
Slovakia,SVK,2017,6.75699
Slovakia,SVK,2018,6.6664
Slovakia,SVK,2019,6.91965
Slovakia,SVK,2020,7.1265
Slovakia,SVK,2021,7.75625
Slovakia,SVK,2022,7.73064
Slovenia,SVN,2000,7.80407
Slovenia,SVN,2001,7.87602
Slovenia,SVN,2002,8.0212
Slovenia,SVN,2003,8.09883
Slovenia,SVN,2004,7.93957
Slovenia,SVN,2005,7.99596
Slovenia,SVN,2006,7.82323
Slovenia,SVN,2007,7.51139
Slovenia,SVN,2008,7.85467
Slovenia,SVN,2009,8.5408
Slovenia,SVN,2010,8.56503
Slovenia,SVN,2011,8.5364
Slovenia,SVN,2012,8.7151
Slovenia,SVN,2013,8.74028
Slovenia,SVN,2014,8.50198
Slovenia,SVN,2015,8.49824
Slovenia,SVN,2016,8.47801
Slovenia,SVN,2017,8.18481
Slovenia,SVN,2018,8.27693
Slovenia,SVN,2019,8.49057
Slovenia,SVN,2020,9.42808
Slovenia,SVN,2021,9.48055
Slovenia,SVN,2022,9.60508
Solomon Islands,SLB,2000,4.82779
Solomon Islands,SLB,2001,6.60713
Solomon Islands,SLB,2002,10.10628
Solomon Islands,SLB,2003,7.07725
Solomon Islands,SLB,2004,7.72557
Solomon Islands,SLB,2005,9.01795
Solomon Islands,SLB,2006,8.00802
Solomon Islands,SLB,2007,7.18583
Solomon Islands,SLB,2008,5.50857
Solomon Islands,SLB,2009,6.60899
Solomon Islands,SLB,2010,4.66451
Solomon Islands,SLB,2011,5.02602
Solomon Islands,SLB,2012,4.8776
Solomon Islands,SLB,2013,4.58157
Solomon Islands,SLB,2014,4.89056
Solomon Islands,SLB,2015,4.44853
Solomon Islands,SLB,2016,4.52953
Solomon Islands,SLB,2017,4.16556
Solomon Islands,SLB,2018,3.86441
Solomon Islands,SLB,2019,4.43728
Solomon Islands,SLB,2020,4.89478
Solomon Islands,SLB,2021,4.94758
Solomon Islands,SLB,2022,4.82369
Somalia,SOM,2013,2.81839
Somalia,SOM,2014,2.71561
Somalia,SOM,2015,2.84292
Somalia,SOM,2016,2.27534
Somalia,SOM,2017,2.43361
Somalia,SOM,2018,2.3717
Somalia,SOM,2019,2.1906
Somalia,SOM,2020,2.2475
Somalia,SOM,2021,2.56882
Somalia,SOM,2022,2.62183
South Africa,ZAF,2000,7.33662
South Africa,ZAF,2001,7.12328
South Africa,ZAF,2002,6.67774
South Africa,ZAF,2003,7.04098
South Africa,ZAF,2004,6.93842
South Africa,ZAF,2005,6.86216
South Africa,ZAF,2006,6.87651
South Africa,ZAF,2007,6.90511
South Africa,ZAF,2008,7.14832
South Africa,ZAF,2009,7.64941
South Africa,ZAF,2010,7.79358
South Africa,ZAF,2011,7.94434
South Africa,ZAF,2012,8.00429
South Africa,ZAF,2013,8.10322
South Africa,ZAF,2014,7.87137
South Africa,ZAF,2015,8.05304
South Africa,ZAF,2016,8.07959
South Africa,ZAF,2017,7.97711
South Africa,ZAF,2018,8.08197
South Africa,ZAF,2019,8.24653
South Africa,ZAF,2020,9.01329
South Africa,ZAF,2021,8.67433
South Africa,ZAF,2022,8.77087
South Korea,KOR,2000,3.85544
South Korea,KOR,2001,4.32142
South Korea,KOR,2002,4.05226
South Korea,KOR,2003,4.63368
South Korea,KOR,2004,4.60466
South Korea,KOR,2005,4.83942
South Korea,KOR,2006,5.16117
South Korea,KOR,2007,5.16155
South Korea,KOR,2008,5.39977
South Korea,KOR,2009,5.89821
South Korea,KOR,2010,6.02607
South Korea,KOR,2011,6.12371
South Korea,KOR,2012,6.17752
South Korea,KOR,2013,6.31104
South Korea,KOR,2014,6.50226
South Korea,KOR,2015,6.72447
South Korea,KOR,2016,6.89293
South Korea,KOR,2017,7.04772
South Korea,KOR,2018,7.46262
South Korea,KOR,2019,8.12675
South Korea,KOR,2020,8.35549
South Korea,KOR,2021,8.95733
South Korea,KOR,2022,9.43414
South Sudan,SSD,2017,15.9573
South Sudan,SSD,2018,10.0565
South Sudan,SSD,2019,9.03741
South Sudan,SSD,2020,9.31798
South Sudan,SSD,2021,6.25599
South Sudan,SSD,2022,6.76126
South-East Asia (WHO),WHO_SEAR,2000,3.56747
South-East Asia (WHO),WHO_SEAR,2001,3.80295
South-East Asia (WHO),WHO_SEAR,2002,3.89144
South-East Asia (WHO),WHO_SEAR,2003,3.50265
South-East Asia (WHO),WHO_SEAR,2004,3.7848
South-East Asia (WHO),WHO_SEAR,2005,3.98592
South-East Asia (WHO),WHO_SEAR,2006,3.94231
South-East Asia (WHO),WHO_SEAR,2007,3.92131
South-East Asia (WHO),WHO_SEAR,2008,4.32192
South-East Asia (WHO),WHO_SEAR,2009,4.29303
South-East Asia (WHO),WHO_SEAR,2010,4.0245
South-East Asia (WHO),WHO_SEAR,2011,4.01389
South-East Asia (WHO),WHO_SEAR,2012,4.14831
South-East Asia (WHO),WHO_SEAR,2013,4.40773
South-East Asia (WHO),WHO_SEAR,2014,4.42856
South-East Asia (WHO),WHO_SEAR,2015,4.71579
South-East Asia (WHO),WHO_SEAR,2016,4.75381
South-East Asia (WHO),WHO_SEAR,2017,4.43547
South-East Asia (WHO),WHO_SEAR,2018,4.18574
South-East Asia (WHO),WHO_SEAR,2019,4.13621
South-East Asia (WHO),WHO_SEAR,2020,5.24073
South-East Asia (WHO),WHO_SEAR,2021,5.43598
South-East Asia (WHO),WHO_SEAR,2022,5.8331
Spain,ESP,2000,6.79922
Spain,ESP,2001,6.76896
Spain,ESP,2002,6.80053
Spain,ESP,2003,7.56327
Spain,ESP,2004,7.65048
Spain,ESP,2005,7.73974
Spain,ESP,2006,7.82906
Spain,ESP,2007,7.91866
Spain,ESP,2008,8.38226
Spain,ESP,2009,9.10764
Spain,ESP,2010,9.11891
Spain,ESP,2011,9.16797
Spain,ESP,2012,9.15597
Spain,ESP,2013,9.06588
Spain,ESP,2014,9.08676
Spain,ESP,2015,9.12383
Spain,ESP,2016,8.94896
Spain,ESP,2017,8.94652
Spain,ESP,2018,8.99859
Spain,ESP,2019,9.13488
Spain,ESP,2020,10.7321
Spain,ESP,2021,10.30862
Spain,ESP,2022,9.73829
Sri Lanka,LKA,2000,4.10819
Sri Lanka,LKA,2001,4.05663
Sri Lanka,LKA,2002,4.03716
Sri Lanka,LKA,2003,3.64647
Sri Lanka,LKA,2004,4.03913
Sri Lanka,LKA,2005,3.87909
Sri Lanka,LKA,2006,3.8502
Sri Lanka,LKA,2007,3.82258
Sri Lanka,LKA,2008,3.85483
Sri Lanka,LKA,2009,4.05677
Sri Lanka,LKA,2010,3.74145
Sri Lanka,LKA,2011,3.58195
Sri Lanka,LKA,2012,3.30659
Sri Lanka,LKA,2013,3.69365
Sri Lanka,LKA,2014,3.46786
Sri Lanka,LKA,2015,3.68264
Sri Lanka,LKA,2016,3.61788
Sri Lanka,LKA,2017,3.33093
Sri Lanka,LKA,2018,3.64189
Sri Lanka,LKA,2019,3.89905
Sri Lanka,LKA,2020,4.06135
Sri Lanka,LKA,2021,4.0283
Sri Lanka,LKA,2022,4.3627
Sudan,SDN,2000,3.60664
Sudan,SDN,2001,3.36457
Sudan,SDN,2002,3.30011
Sudan,SDN,2003,3.89188
Sudan,SDN,2004,4.15593
Sudan,SDN,2005,4.09418
Sudan,SDN,2006,4.88544
Sudan,SDN,2007,5.66269
Sudan,SDN,2008,5.42314
Sudan,SDN,2009,6.39496
Sudan,SDN,2010,5.0581
Sudan,SDN,2011,5.6158
Sudan,SDN,2012,5.68827
Sudan,SDN,2013,6.96487
Sudan,SDN,2014,5.6762
Sudan,SDN,2015,5.81113
Sudan,SDN,2016,5.68438
Sudan,SDN,2017,5.91767
Sudan,SDN,2018,4.46358
Sudan,SDN,2019,4.57118
Sudan,SDN,2020,3.00965
Sudan,SDN,2021,2.83128
Sudan,SDN,2022,4.61874
Suriname,SUR,2000,5.87092
Suriname,SUR,2001,3.82475
Suriname,SUR,2002,5.32992
Suriname,SUR,2003,4.88878
Suriname,SUR,2004,5.46081
Suriname,SUR,2005,5.24396
Suriname,SUR,2006,5.85599
Suriname,SUR,2007,5.22149
Suriname,SUR,2008,4.747
Suriname,SUR,2009,4.9781
Suriname,SUR,2010,4.69786
Suriname,SUR,2011,4.40932
Suriname,SUR,2012,4.28436
Suriname,SUR,2013,4.48738
Suriname,SUR,2014,4.52128
Suriname,SUR,2015,5.80808
Suriname,SUR,2016,5.99284
Suriname,SUR,2017,5.32286
Suriname,SUR,2018,6.68947
Suriname,SUR,2019,8.52921
Suriname,SUR,2020,6.67584
Suriname,SUR,2021,5.46009
Suriname,SUR,2022,5.91761
Sweden,SWE,2000,7.3269
Sweden,SWE,2001,7.90033
Sweden,SWE,2002,8.21006
Sweden,SWE,2003,8.31725
Sweden,SWE,2004,8.12962
Sweden,SWE,2005,8.15084
Sweden,SWE,2006,8.05227
Sweden,SWE,2007,7.99608
Sweden,SWE,2008,8.20824
Sweden,SWE,2009,8.77038
Sweden,SWE,2010,8.31964
Sweden,SWE,2011,10.41647
Sweden,SWE,2012,10.73515
Sweden,SWE,2013,10.90491
Sweden,SWE,2014,10.94795
Sweden,SWE,2015,10.80418
Sweden,SWE,2016,10.8524
Sweden,SWE,2017,10.7851
Sweden,SWE,2018,10.94106
Sweden,SWE,2019,10.83224
Sweden,SWE,2020,11.33297
Sweden,SWE,2021,11.10181
Sweden,SWE,2022,10.49857
Switzerland,CHE,2000,9.13442
Switzerland,CHE,2001,9.4604
Switzerland,CHE,2002,9.88
Switzerland,CHE,2003,10.13697
Switzerland,CHE,2004,10.22577
Switzerland,CHE,2005,10.05823
Switzerland,CHE,2006,9.5802
Switzerland,CHE,2007,9.41694
Switzerland,CHE,2008,9.53168
Switzerland,CHE,2009,10.14151
Switzerland,CHE,2010,10.00535
Switzerland,CHE,2011,10.11941
Switzerland,CHE,2012,10.34785
Switzerland,CHE,2013,10.6146
Switzerland,CHE,2014,10.69967
Switzerland,CHE,2015,11.00445
Switzerland,CHE,2016,11.22941
Switzerland,CHE,2017,11.41295
Switzerland,CHE,2018,11.19891
Switzerland,CHE,2019,11.42589
Switzerland,CHE,2020,12.00404
Switzerland,CHE,2021,12.00466
Switzerland,CHE,2022,11.70653
Syria,SYR,2000,4.55401
Syria,SYR,2001,4.69719
Syria,SYR,2002,4.94717
Syria,SYR,2003,5.11782
Syria,SYR,2004,4.47935
Syria,SYR,2005,4.1097
Syria,SYR,2006,3.77771
Syria,SYR,2007,3.72243
Syria,SYR,2008,3.39763
Syria,SYR,2009,3.54647
Syria,SYR,2010,3.22704
Syria,SYR,2011,2.52865
Syria,SYR,2012,3.0472
Syria,SYR,2013,3.55863
Syria,SYR,2014,4.01812
Syria,SYR,2015,3.47905
Syria,SYR,2016,3.73849
Syria,SYR,2017,3.81525
Syria,SYR,2018,3.86613
Syria,SYR,2019,3.94
Syria,SYR,2020,3.71556
Syria,SYR,2021,4.70614
Syria,SYR,2022,4.15099
Tajikistan,TJK,2000,4.26492
Tajikistan,TJK,2001,4.57803
Tajikistan,TJK,2002,4.43647
Tajikistan,TJK,2003,4.70219
Tajikistan,TJK,2004,4.79911
Tajikistan,TJK,2005,5.21025
Tajikistan,TJK,2006,5.03255
Tajikistan,TJK,2007,5.5405
Tajikistan,TJK,2008,5.91207
Tajikistan,TJK,2009,5.8558
Tajikistan,TJK,2010,5.73543
Tajikistan,TJK,2011,5.85972
Tajikistan,TJK,2012,5.98186
Tajikistan,TJK,2013,6.53226
Tajikistan,TJK,2014,6.6655
Tajikistan,TJK,2015,6.90736
Tajikistan,TJK,2016,6.9635
Tajikistan,TJK,2017,6.85399
Tajikistan,TJK,2018,7.01382
Tajikistan,TJK,2019,6.94767
Tajikistan,TJK,2020,8.89035
Tajikistan,TJK,2021,8.37504
Tajikistan,TJK,2022,7.62917
Tanzania,TZA,2000,3.4153
Tanzania,TZA,2001,4.23552
Tanzania,TZA,2002,4.68908
Tanzania,TZA,2003,5.34231
Tanzania,TZA,2004,5.73734
Tanzania,TZA,2005,6.32283
Tanzania,TZA,2006,7.59828
Tanzania,TZA,2007,6.88428
Tanzania,TZA,2008,5.55705
Tanzania,TZA,2009,5.06306
Tanzania,TZA,2010,5.22392
Tanzania,TZA,2011,5.05598
Tanzania,TZA,2012,5.01779
Tanzania,TZA,2013,4.64643
Tanzania,TZA,2014,4.01492
Tanzania,TZA,2015,3.6497
Tanzania,TZA,2016,3.9635
Tanzania,TZA,2017,4.07779
Tanzania,TZA,2018,4.32879
Tanzania,TZA,2019,4.02387
Tanzania,TZA,2020,3.05196
Tanzania,TZA,2021,3.47258
Tanzania,TZA,2022,3.11196
Thailand,THA,2000,3.10125
Thailand,THA,2001,3.02624
Thailand,THA,2002,3.33472
Thailand,THA,2003,3.24313
Thailand,THA,2004,3.13893
Thailand,THA,2005,3.15972
Thailand,THA,2006,3.09971
Thailand,THA,2007,3.19278
Thailand,THA,2008,3.45934
Thailand,THA,2009,3.6194
Thailand,THA,2010,3.3901
Thailand,THA,2011,3.56825
Thailand,THA,2012,3.52294
Thailand,THA,2013,3.45313
Thailand,THA,2014,3.68448
Thailand,THA,2015,3.85229
Thailand,THA,2016,3.93901
Thailand,THA,2017,3.85277
Thailand,THA,2018,3.8704
Thailand,THA,2019,3.78912
Thailand,THA,2020,4.35725
Thailand,THA,2021,5.15337
Thailand,THA,2022,5.35471
Togo,TGO,2000,2.71672
Togo,TGO,2001,2.80675
Togo,TGO,2002,2.82403
Togo,TGO,2003,2.86098
Togo,TGO,2004,3.00705
Togo,TGO,2005,3.22045
Togo,TGO,2006,3.36328
Togo,TGO,2007,3.67734
Togo,TGO,2008,3.74072
Togo,TGO,2009,3.92727
Togo,TGO,2010,4.33284
Togo,TGO,2011,4.38927
Togo,TGO,2012,4.64366
Togo,TGO,2013,4.7867
Togo,TGO,2014,4.90473
Togo,TGO,2015,6.21764
Togo,TGO,2016,6.55581
Togo,TGO,2017,6.5021
Togo,TGO,2018,6.16074
Togo,TGO,2019,5.91269
Togo,TGO,2020,6.18928
Togo,TGO,2021,5.6166
Togo,TGO,2022,6.04134
Tonga,TON,2000,2.90389
Tonga,TON,2001,3.42502
Tonga,TON,2002,3.58958
Tonga,TON,2003,3.43583
Tonga,TON,2004,4.50742
Tonga,TON,2005,4.3856
Tonga,TON,2006,5.47225
Tonga,TON,2007,4.7333
Tonga,TON,2008,6.0576
Tonga,TON,2009,3.97381
Tonga,TON,2010,4.81632
Tonga,TON,2011,4.73991
Tonga,TON,2012,7.33277
Tonga,TON,2013,4.10562
Tonga,TON,2014,5.11482
Tonga,TON,2015,4.66762
Tonga,TON,2016,5.08616
Tonga,TON,2017,5.4912
Tonga,TON,2018,5.98712
Tonga,TON,2019,5.42395
Tonga,TON,2020,5.5626
Tonga,TON,2021,7.63287
Tonga,TON,2022,8.13608
Trinidad and Tobago,TTO,2000,4.23492
Trinidad and Tobago,TTO,2001,4.03465
Trinidad and Tobago,TTO,2002,4.72302
Trinidad and Tobago,TTO,2003,4.18767
Trinidad and Tobago,TTO,2004,4.30805
Trinidad and Tobago,TTO,2005,4.43451
Trinidad and Tobago,TTO,2006,4.15432
Trinidad and Tobago,TTO,2007,4.1536
Trinidad and Tobago,TTO,2008,3.65757
Trinidad and Tobago,TTO,2009,5.48676
Trinidad and Tobago,TTO,2010,5.08043
Trinidad and Tobago,TTO,2011,4.72198
Trinidad and Tobago,TTO,2012,4.59683
Trinidad and Tobago,TTO,2013,4.77727
Trinidad and Tobago,TTO,2014,4.83715
Trinidad and Tobago,TTO,2015,5.61371
Trinidad and Tobago,TTO,2016,6.44781
Trinidad and Tobago,TTO,2017,6.5131
Trinidad and Tobago,TTO,2018,6.46674
Trinidad and Tobago,TTO,2019,6.85251
Trinidad and Tobago,TTO,2020,7.48662
Trinidad and Tobago,TTO,2021,7.12625
Trinidad and Tobago,TTO,2022,6.43106
Tunisia,TUN,2000,4.81272
Tunisia,TUN,2001,4.86133
Tunisia,TUN,2002,5.12036
Tunisia,TUN,2003,5.20889
Tunisia,TUN,2004,5.19891
Tunisia,TUN,2005,5.14556
Tunisia,TUN,2006,5.1311
Tunisia,TUN,2007,5.17543
Tunisia,TUN,2008,5.16441
Tunisia,TUN,2009,5.40595
Tunisia,TUN,2010,5.60951
Tunisia,TUN,2011,6.12299
Tunisia,TUN,2012,6.28985
Tunisia,TUN,2013,6.51395
Tunisia,TUN,2014,6.45006
Tunisia,TUN,2015,6.2134
Tunisia,TUN,2016,6.24778
Tunisia,TUN,2017,6.18557
Tunisia,TUN,2018,5.93752
Tunisia,TUN,2019,6.02461
Tunisia,TUN,2020,7.05022
Tunisia,TUN,2021,6.97669
Tunisia,TUN,2022,6.9638
Turkey,TUR,2000,4.59957
Turkey,TUR,2001,4.88785
Turkey,TUR,2002,5.06228
Turkey,TUR,2003,5.01428
Turkey,TUR,2004,4.90964
Turkey,TUR,2005,4.8939
Turkey,TUR,2006,5.14592
Turkey,TUR,2007,5.23761
Turkey,TUR,2008,5.21762
Turkey,TUR,2009,5.49439
Turkey,TUR,2010,5.02053
Turkey,TUR,2011,4.65305
Turkey,TUR,2012,4.44445
Turkey,TUR,2013,4.371
Turkey,TUR,2014,4.32518
Turkey,TUR,2015,4.1169
Turkey,TUR,2016,4.28469
Turkey,TUR,2017,4.17975
Turkey,TUR,2018,4.12102
Turkey,TUR,2019,4.35954
Turkey,TUR,2020,4.6164
Turkey,TUR,2021,4.56066
Turkey,TUR,2022,3.70339
Turkmenistan,TKM,2000,4.0308
Turkmenistan,TKM,2001,4.76605
Turkmenistan,TKM,2002,4.10697
Turkmenistan,TKM,2003,4.97849
Turkmenistan,TKM,2004,6.18652
Turkmenistan,TKM,2005,5.58887
Turkmenistan,TKM,2006,4.92076
Turkmenistan,TKM,2007,3.09329
Turkmenistan,TKM,2008,3.4538
Turkmenistan,TKM,2009,2.81471
Turkmenistan,TKM,2010,3.20879
Turkmenistan,TKM,2011,3.22296
Turkmenistan,TKM,2012,3.34204
Turkmenistan,TKM,2013,3.96929
Turkmenistan,TKM,2014,4.25742
Turkmenistan,TKM,2015,5.01653
Turkmenistan,TKM,2016,5.58718
Turkmenistan,TKM,2017,5.82361
Turkmenistan,TKM,2018,5.55298
Turkmenistan,TKM,2019,5.55223
Turkmenistan,TKM,2020,5.57226
Turkmenistan,TKM,2021,5.49197
Turkmenistan,TKM,2022,5.37104
Tuvalu,TUV,2000,22.28174
Tuvalu,TUV,2001,17.96548
Tuvalu,TUV,2002,11.83692
Tuvalu,TUV,2003,13.70337
Tuvalu,TUV,2004,9.3315
Tuvalu,TUV,2005,10.02976
Tuvalu,TUV,2006,11.9035
Tuvalu,TUV,2007,10.08182
Tuvalu,TUV,2008,9.63605
Tuvalu,TUV,2009,12.30977
Tuvalu,TUV,2010,15.37378
Tuvalu,TUV,2011,13.79317
Tuvalu,TUV,2012,13.15472
Tuvalu,TUV,2013,14.34196
Tuvalu,TUV,2014,14.93792
Tuvalu,TUV,2015,13.38872
Tuvalu,TUV,2016,18.32286
Tuvalu,TUV,2017,24.07941
Tuvalu,TUV,2018,18.36379
Tuvalu,TUV,2019,22.02993
Tuvalu,TUV,2020,18.59855
Tuvalu,TUV,2021,19.54604
Tuvalu,TUV,2022,18.3821
Uganda,UGA,2000,5.08274
Uganda,UGA,2001,5.05205
Uganda,UGA,2002,4.77133
Uganda,UGA,2003,4.29916
Uganda,UGA,2004,4.70022
Uganda,UGA,2005,5.80516
Uganda,UGA,2006,6.46331
Uganda,UGA,2007,6.11309
Uganda,UGA,2008,5.45475
Uganda,UGA,2009,5.78846
Uganda,UGA,2010,6.8089
Uganda,UGA,2011,6.69591
Uganda,UGA,2012,6.10854
Uganda,UGA,2013,5.78252
Uganda,UGA,2014,5.33653
Uganda,UGA,2015,4.99643
Uganda,UGA,2016,5.00793
Uganda,UGA,2017,3.99852
Uganda,UGA,2018,4.02144
Uganda,UGA,2019,3.79371
Uganda,UGA,2020,5.23699
Uganda,UGA,2021,5.48128
Uganda,UGA,2022,4.39089
Ukraine,UKR,2000,5.30685
Ukraine,UKR,2001,5.72534
Ukraine,UKR,2002,5.9922
Ukraine,UKR,2003,6.54574
Ukraine,UKR,2004,6.16857
Ukraine,UKR,2005,6.34616
Ukraine,UKR,2006,6.41719
Ukraine,UKR,2007,6.01777
Ukraine,UKR,2008,5.49754
Ukraine,UKR,2009,6.60992
Ukraine,UKR,2010,6.81388
Ukraine,UKR,2011,6.8167
Ukraine,UKR,2012,7.11789
Ukraine,UKR,2013,6.94358
Ukraine,UKR,2014,7.19506
Ukraine,UKR,2015,7.78353
Ukraine,UKR,2016,7.55205
Ukraine,UKR,2017,7.44188
Ukraine,UKR,2018,7.51989
Ukraine,UKR,2019,7.09175
Ukraine,UKR,2020,7.56217
Ukraine,UKR,2021,8.20275
United Arab Emirates,ARE,2000,2.39504
United Arab Emirates,ARE,2001,2.48436
United Arab Emirates,ARE,2002,2.71771
United Arab Emirates,ARE,2003,2.64634
United Arab Emirates,ARE,2004,2.46226
United Arab Emirates,ARE,2005,2.32021
United Arab Emirates,ARE,2006,2.32541
United Arab Emirates,ARE,2007,2.56603
United Arab Emirates,ARE,2008,2.92858
United Arab Emirates,ARE,2009,4.05
United Arab Emirates,ARE,2010,3.74433
United Arab Emirates,ARE,2011,3.56666
United Arab Emirates,ARE,2012,3.33596
United Arab Emirates,ARE,2013,3.50222
United Arab Emirates,ARE,2014,3.53405
United Arab Emirates,ARE,2015,3.46609
United Arab Emirates,ARE,2016,3.8958
United Arab Emirates,ARE,2017,4.00855
United Arab Emirates,ARE,2018,4.09854
United Arab Emirates,ARE,2019,4.40291
United Arab Emirates,ARE,2020,5.82477
United Arab Emirates,ARE,2021,5.30494
United Arab Emirates,ARE,2022,4.67551
United Kingdom,GBR,2000,7.15693
United Kingdom,GBR,2001,7.45211
United Kingdom,GBR,2002,7.87847
United Kingdom,GBR,2003,8.07831
United Kingdom,GBR,2004,8.33868
United Kingdom,GBR,2005,8.39431
United Kingdom,GBR,2006,8.54523
United Kingdom,GBR,2007,8.75711
United Kingdom,GBR,2008,9.04034
United Kingdom,GBR,2009,9.84771
United Kingdom,GBR,2010,9.78938
United Kingdom,GBR,2011,9.79562
United Kingdom,GBR,2012,9.8916
United Kingdom,GBR,2013,9.97822
United Kingdom,GBR,2014,9.90306
United Kingdom,GBR,2015,9.83625
United Kingdom,GBR,2016,9.76547
United Kingdom,GBR,2017,9.60017
United Kingdom,GBR,2018,9.73838
United Kingdom,GBR,2019,9.95388
United Kingdom,GBR,2020,11.96548
United Kingdom,GBR,2021,12.01903
United Kingdom,GBR,2022,11.05088
United States,USA,2000,12.49003
United States,USA,2001,13.16817
United States,USA,2002,13.99535
United States,USA,2003,14.50558
United States,USA,2004,14.55123
United States,USA,2005,14.57946
United States,USA,2006,14.70878
United States,USA,2007,14.91833
United States,USA,2008,15.20724
United States,USA,2009,16.20068
United States,USA,2010,16.19723
United States,USA,2011,16.14001
United States,USA,2012,16.11975
United States,USA,2013,15.98622
United States,USA,2014,16.19414
United States,USA,2015,16.4816
United States,USA,2016,16.79114
United States,USA,2017,16.75301
United States,USA,2018,16.61531
United States,USA,2019,16.66125
United States,USA,2020,18.81325
United States,USA,2021,17.50639
United States,USA,2022,16.49614
Uruguay,URY,2000,9.17182
Uruguay,URY,2001,9.75702
Uruguay,URY,2002,9.64023
Uruguay,URY,2003,9.57667
Uruguay,URY,2004,8.26618
Uruguay,URY,2005,7.72391
Uruguay,URY,2006,7.70999
Uruguay,URY,2007,7.46167
Uruguay,URY,2008,8.09082
Uruguay,URY,2009,7.91611
Uruguay,URY,2010,7.87757
Uruguay,URY,2011,7.91521
Uruguay,URY,2012,8.03331
Uruguay,URY,2013,8.08448
Uruguay,URY,2014,8.03891
Uruguay,URY,2015,8.25704
Uruguay,URY,2016,8.63851
Uruguay,URY,2017,8.71702
Uruguay,URY,2018,8.90014
Uruguay,URY,2019,9.24069
Uruguay,URY,2020,9.06925
Uruguay,URY,2021,8.91666
Uruguay,URY,2022,8.94532
Uzbekistan,UZB,2000,5.13293
Uzbekistan,UZB,2001,5.23737
Uzbekistan,UZB,2002,5.14165
Uzbekistan,UZB,2003,5.18825
Uzbekistan,UZB,2004,4.84064
Uzbekistan,UZB,2005,4.78199
Uzbekistan,UZB,2006,4.75141
Uzbekistan,UZB,2007,4.54268
Uzbekistan,UZB,2008,4.70447
Uzbekistan,UZB,2009,4.7965
Uzbekistan,UZB,2010,5.29939
Uzbekistan,UZB,2011,5.26245
Uzbekistan,UZB,2012,5.54822
Uzbekistan,UZB,2013,5.71897
Uzbekistan,UZB,2014,4.43092
Uzbekistan,UZB,2015,4.73597
Uzbekistan,UZB,2016,4.71504
Uzbekistan,UZB,2017,4.8379
Uzbekistan,UZB,2018,5.05427
Uzbekistan,UZB,2019,5.39748
Uzbekistan,UZB,2020,6.71439
Uzbekistan,UZB,2021,7.69774
Uzbekistan,UZB,2022,7.36325
Vanuatu,VUT,2000,3.30683
Vanuatu,VUT,2001,3.38728
Vanuatu,VUT,2002,3.90438
Vanuatu,VUT,2003,3.50692
Vanuatu,VUT,2004,3.53992
Vanuatu,VUT,2005,3.30529
Vanuatu,VUT,2006,3.32189
Vanuatu,VUT,2007,3.10786
Vanuatu,VUT,2008,3.1381
Vanuatu,VUT,2009,3.25198
Vanuatu,VUT,2010,3.52656
Vanuatu,VUT,2011,3.59819
Vanuatu,VUT,2012,3.93563
Vanuatu,VUT,2013,4.39234
Vanuatu,VUT,2014,3.64669
Vanuatu,VUT,2015,4.32168
Vanuatu,VUT,2016,3.07874
Vanuatu,VUT,2017,2.88112
Vanuatu,VUT,2018,3.44046
Vanuatu,VUT,2019,3.49615
Vanuatu,VUT,2020,4.12129
Vanuatu,VUT,2021,4.54704
Vanuatu,VUT,2022,4.14743
Venezuela,VEN,2018,2.41691
Venezuela,VEN,2019,2.18564
Venezuela,VEN,2020,4.11615
Venezuela,VEN,2021,4.10222
Venezuela,VEN,2022,4.55047
Vietnam,VNM,2000,4.10753
Vietnam,VNM,2001,4.80107
Vietnam,VNM,2002,3.87076
Vietnam,VNM,2003,3.9423
Vietnam,VNM,2004,4.08792
Vietnam,VNM,2005,4.31821
Vietnam,VNM,2006,4.5698
Vietnam,VNM,2007,4.62918
Vietnam,VNM,2008,4.36028
Vietnam,VNM,2009,4.48503
Vietnam,VNM,2010,5.07146
Vietnam,VNM,2011,4.97469
Vietnam,VNM,2012,5.00178
Vietnam,VNM,2013,4.41233
Vietnam,VNM,2014,4.69079
Vietnam,VNM,2015,4.71141
Vietnam,VNM,2016,4.86995
Vietnam,VNM,2017,4.99015
Vietnam,VNM,2018,5.02679
Vietnam,VNM,2019,4.97407
Vietnam,VNM,2020,4.3322
Vietnam,VNM,2021,4.53757
Vietnam,VNM,2022,4.58892
Western Pacific (WHO),WHO_WPAC,2000,6.43093
Western Pacific (WHO),WHO_WPAC,2001,7.45323
Western Pacific (WHO),WHO_WPAC,2002,6.28182
Western Pacific (WHO),WHO_WPAC,2003,6.10213
Western Pacific (WHO),WHO_WPAC,2004,6.4164
Western Pacific (WHO),WHO_WPAC,2005,6.75211
Western Pacific (WHO),WHO_WPAC,2006,9.52018
Western Pacific (WHO),WHO_WPAC,2007,7.23239
Western Pacific (WHO),WHO_WPAC,2008,7.79673
Western Pacific (WHO),WHO_WPAC,2009,7.92063
Western Pacific (WHO),WHO_WPAC,2010,7.2251
Western Pacific (WHO),WHO_WPAC,2011,6.76255
Western Pacific (WHO),WHO_WPAC,2012,6.41006
Western Pacific (WHO),WHO_WPAC,2013,6.54281
Western Pacific (WHO),WHO_WPAC,2014,6.6254
Western Pacific (WHO),WHO_WPAC,2015,6.68323
Western Pacific (WHO),WHO_WPAC,2016,6.81444
Western Pacific (WHO),WHO_WPAC,2017,6.92722
Western Pacific (WHO),WHO_WPAC,2018,6.88669
Western Pacific (WHO),WHO_WPAC,2019,7.21097
Western Pacific (WHO),WHO_WPAC,2020,7.55834
Western Pacific (WHO),WHO_WPAC,2021,8.1853
Western Pacific (WHO),WHO_WPAC,2022,8.13379
World,OWID_WRL,2000,5.45692
World,OWID_WRL,2001,5.7401
World,OWID_WRL,2002,5.71726
World,OWID_WRL,2003,5.75217
World,OWID_WRL,2004,5.86435
World,OWID_WRL,2005,5.92706
World,OWID_WRL,2006,6.3073
World,OWID_WRL,2007,5.96492
World,OWID_WRL,2008,6.13041
World,OWID_WRL,2009,6.51656
World,OWID_WRL,2010,6.33229
World,OWID_WRL,2011,6.2416
World,OWID_WRL,2012,6.19048
World,OWID_WRL,2013,6.28136
World,OWID_WRL,2014,6.35145
World,OWID_WRL,2015,6.46324
World,OWID_WRL,2016,6.51133
World,OWID_WRL,2017,6.46817
World,OWID_WRL,2018,6.37427
World,OWID_WRL,2019,6.51842
World,OWID_WRL,2020,7.15795
World,OWID_WRL,2021,7.23388
World,OWID_WRL,2022,6.93709
Yemen,YEM,2000,4.66607
Yemen,YEM,2001,4.94515
Yemen,YEM,2002,4.83238
Yemen,YEM,2003,5.75758
Yemen,YEM,2004,5.5144
Yemen,YEM,2005,5.20585
Yemen,YEM,2006,5.5293
Yemen,YEM,2007,5.82078
Yemen,YEM,2008,5.76192
Yemen,YEM,2009,5.9862
Yemen,YEM,2010,5.15933
Yemen,YEM,2011,4.76953
Yemen,YEM,2012,5.19594
Yemen,YEM,2013,4.96083
Yemen,YEM,2014,4.8418
Yemen,YEM,2015,4.25286
Yemen,YEM,2016,4.84507
Yemen,YEM,2017,4.8477
Yemen,YEM,2018,5.27202
Yemen,YEM,2019,5.83813
Yemen,YEM,2020,5.77271
Yemen,YEM,2021,6.17543
Yemen,YEM,2022,6.18667
Zambia,ZMB,2000,4.17366
Zambia,ZMB,2001,4.82996
Zambia,ZMB,2002,5.88845
Zambia,ZMB,2003,5.99554
Zambia,ZMB,2004,5.48491
Zambia,ZMB,2005,6.33089
Zambia,ZMB,2006,5.57742
Zambia,ZMB,2007,4.57961
Zambia,ZMB,2008,4.46691
Zambia,ZMB,2009,5.15719
Zambia,ZMB,2010,3.97472
Zambia,ZMB,2011,3.95913
Zambia,ZMB,2012,4.04542
Zambia,ZMB,2013,4.5739
Zambia,ZMB,2014,3.82924
Zambia,ZMB,2015,4.42974
Zambia,ZMB,2016,4.46923
Zambia,ZMB,2017,4.78156
Zambia,ZMB,2018,4.76997
Zambia,ZMB,2019,6.7533
Zambia,ZMB,2020,6.30674
Zambia,ZMB,2021,6.63951
Zambia,ZMB,2022,5.25592
Zimbabwe,ZWE,2010,10.47584
Zimbabwe,ZWE,2011,8.08288
Zimbabwe,ZWE,2012,6.91795
Zimbabwe,ZWE,2013,7.1094
Zimbabwe,ZWE,2014,8.13227
Zimbabwe,ZWE,2015,7.44983
Zimbabwe,ZWE,2016,7.46645
Zimbabwe,ZWE,2017,6.17279
Zimbabwe,ZWE,2018,4.65527
Zimbabwe,ZWE,2019,3.23268
Zimbabwe,ZWE,2020,2.9544
Zimbabwe,ZWE,2021,2.78572
Zimbabwe,ZWE,2022,3.62881